entry,name,area,mean,min,max,intden,rawintden,norm_density,genotype,clone
1,20230717_WT_DAPI_GFP_Phal_Puro_60x_001.tiff:0028-0541-1054:30,1.331e-6,2855.108,1699,4078,0.004,32371212,1.702320054797869,Wildtype,NA
2,20230717_WT_DAPI_GFP_Phal_Puro_60x_001.tiff:0028-0408-1181:30,1.257e-6,2649.168,1842,3764,0.003,28375240,1.5685673256894714,Wildtype,NA
3,20230717_WT_DAPI_GFP_Phal_Puro_60x_001.tiff:0028-0933-1089:30,9.966e-7,3325.88,1684,4781,0.003,28243375,2.0099680283372727,Wildtype,NA
4,20230717_WT_DAPI_GFP_Phal_Puro_60x_001.tiff:0028-0996-1154:30,1.053e-6,3398.063,2202,4716,0.004,30484020,2.05666201314553,Wildtype,NA
5,20230717_WT_DAPI_GFP_Phal_Puro_60x_001.tiff:0028-0745-1536:30,1.35e-6,2992.646,1747,4194,0.004,34433384,1.7930536738925649,Wildtype,NA
6,20230717_WT_DAPI_GFP_Phal_Puro_60x_001.tiff:0019-0848-1453:21,1.48e-6,3289.616,1984,5160,0.005,41478771,1.9859661101823978,Wildtype,NA
7,20230717_WT_DAPI_GFP_Phal_Puro_60x_001.tiff:0022-1001-1329:24,1.047e-6,3501.1,2166,5150,0.004,31247315,2.1251716672185483,Wildtype,NA
8,20230717_WT_DAPI_GFP_Phal_Puro_60x_001.tiff:0019-1305-1527:21,1.547e-6,4296.426,2192,5824,0.007,56626892,2.642647390176276,Wildtype,NA
9,20230717_WT_DAPI_GFP_Phal_Puro_60x_001.tiff:0034-1195-1438:36,1.195e-6,3108.922,1211,4683,0.004,31655046,1.8683334068362611,Wildtype,NA
10,20230717_WT_DAPI_GFP_Phal_Puro_60x_001.tiff:0040-1621-1146:42,1.3e-6,2681.06,1595,3930,0.003,29687375,1.5886749948246597,Wildtype,NA
11,20230717_WT_DAPI_GFP_Phal_Puro_60x_001.tiff:0052-1893-1101:54,1.368e-6,2386.237,1626,3340,0.003,27818751,1.3972085095760036,Wildtype,NA
12,20230717_WT_DAPI_GFP_Phal_Puro_60x_001.tiff:0049-1198-1651:51,9.322e-7,2899.449,1658,4164,0.003,23030326,1.731745328294545,Wildtype,NA
13,20230717_WT_DAPI_GFP_Phal_Puro_60x_001.tiff:0025-0150-1221:27,7.075e-7,2450.44,1648,3340,0.002,14771251,1.4387575575169655,Wildtype,NA
14,20230717_WT_DAPI_GFP_Phal_Puro_60x_001.tiff:0028-0168-0924:30,1.041e-6,2182.13,1303,3220,0.002,19364222,1.2644820250461597,Wildtype,NA
15,20230717_WT_DAPI_GFP_Phal_Puro_60x_001.tiff:0025-0773-1666:27,1.134e-6,3799.836,2332,5381,0.004,36717812,2.3191878994017254,Wildtype,NA
16,20230717_WT_DAPI_GFP_Phal_Puro_60x_001.tiff:0019-0433-1453:21,9.78e-7,3595.667,2344,5229,0.004,29962694,2.185808011132664,Wildtype,NA
17,20230717_WT_DAPI_GFP_Phal_Puro_60x_001.tiff:0019-0450-1612:21,1.025e-6,3466.335,2149,4987,0.004,30271502,2.1013296060238917,Wildtype,NA
18,20230717_WT_DAPI_GFP_Phal_Puro_60x_001.tiff:0019-0555-1647:21,1.171e-6,3231.643,1453,4827,0.004,32248569,1.9486959105791983,Wildtype,NA
19,20230717_WT_DAPI_GFP_Phal_Puro_60x_001.tiff:0039-1307-1375:39,1.164e-6,3272.397,1716,4678,0.004,32462180,1.9754227885146485,Wildtype,NA
1,20230717_WT_DAPI_GFP_Phal_Puro_60x_002.tiff:0022-1126-0637:24,1.69e-6,1484.867,840,2502,0.003,21380600,0.8089676896562632,Wildtype,NA
2,20230717_WT_DAPI_GFP_Phal_Puro_60x_002.tiff:0022-1247-0681:24,1.589e-6,1178.469,644,2381,0.002,15955295,0.6091528951952321,Wildtype,NA
3,20230717_WT_DAPI_GFP_Phal_Puro_60x_002.tiff:0025-1293-0508:27,1.458e-6,1533.847,785,2573,0.002,19053449,0.8408877210188132,Wildtype,NA
4,20230717_WT_DAPI_GFP_Phal_Puro_60x_002.tiff:0028-1518-0447:30,1.644e-6,1337.075,800,2508,0.002,18728408,0.7125670636038544,Wildtype,NA
5,20230717_WT_DAPI_GFP_Phal_Puro_60x_002.tiff:0028-1162-0953:30,1.584e-6,974.719,550,2304,0.002,13159678,0.4764701855391012,Wildtype,NA
6,20230717_WT_DAPI_GFP_Phal_Puro_60x_002.tiff:0028-1760-0360:30,1.302e-6,1363.29,720,2207,0.002,15124334,0.7297345484039264,Wildtype,NA
7,20230717_WT_DAPI_GFP_Phal_Puro_60x_002.tiff:0028-1882-0319:30,1.456e-6,1278.032,467,2023,0.002,15855267,0.6741092074312344,Wildtype,NA
8,20230717_WT_DAPI_GFP_Phal_Puro_60x_002.tiff:0028-1794-0538:30,1.061e-6,1124.489,601,1934,0.001,10166509,0.5740085524101369,Wildtype,NA
9,20230717_WT_DAPI_GFP_Phal_Puro_60x_002.tiff:0028-1951-0424:30,1.108e-6,1239.701,799,1926,0.001,11701534,0.6489496757654702,Wildtype,NA
10,20230717_WT_DAPI_GFP_Phal_Puro_60x_002.tiff:0028-1716-0897:30,1.233e-6,1381.03,766,2259,0.002,14513249,0.7415580403155552,Wildtype,NA
11,20230717_WT_DAPI_GFP_Phal_Puro_60x_002.tiff:0028-1867-0933:30,9.796e-7,1506.9,736,2541,0.001,12578096,0.8234201300029089,Wildtype,NA
12,20230717_WT_DAPI_GFP_Phal_Puro_60x_002.tiff:0019-1373-0654:21,1.54e-6,1165.019,634,2338,0.002,15288545,0.6004667924817894,Wildtype,NA
13,20230717_WT_DAPI_GFP_Phal_Puro_60x_002.tiff:0019-1411-0898:21,1.277e-6,889.522,460,1724,0.001,9677105,0.42059583202362066,Wildtype,NA
14,20230717_WT_DAPI_GFP_Phal_Puro_60x_002.tiff:0019-0834-1067:21,1.715e-6,1273.208,707,2392,0.002,18606657,0.671028426950451,Wildtype,NA
15,20230717_WT_DAPI_GFP_Phal_Puro_60x_002.tiff:0019-0959-0882:21,1.234e-6,1343.476,545,2821,0.002,14125306,0.7167612250109363,Wildtype,NA
16,20230717_WT_DAPI_GFP_Phal_Puro_60x_002.tiff:0022-0975-1031:24,1.592e-6,1111.258,645,2246,0.002,15069770,0.5651229978498696,Wildtype,NA
17,20230717_WT_DAPI_GFP_Phal_Puro_60x_002.tiff:0022-0950-1360:24,1.379e-6,1201.049,675,2163,0.002,14113527,0.6239672716910792,Wildtype,NA
18,20230717_WT_DAPI_GFP_Phal_Puro_60x_002.tiff:0022-0529-1242:24,1.616e-6,1294.811,814,2279,0.002,17826960,0.6849742327182533,Wildtype,NA
19,20230717_WT_DAPI_GFP_Phal_Puro_60x_002.tiff:0028-0343-1130:30,1.623e-6,1235.559,760,2170,0.002,17086539,0.6464080557516346,Wildtype,NA
20,20230717_WT_DAPI_GFP_Phal_Puro_60x_002.tiff:0025-0661-1661:27,1.113e-6,1038.6,543,1805,0.001,9845932,0.5176880329133939,Wildtype,NA
21,20230717_WT_DAPI_GFP_Phal_Puro_60x_002.tiff:0025-0661-1661:27,1.113e-6,1038.6,543,1805,0.001,9845932,0.5176880329133939,Wildtype,NA
22,20230717_WT_DAPI_GFP_Phal_Puro_60x_002.tiff:0028-0777-1533:30,9.254e-7,1102.962,612,1828,0.001,8696852,0.5599175687229788,Wildtype,NA
23,20230717_WT_DAPI_GFP_Phal_Puro_60x_002.tiff:0046-0714-1196:48,1.746e-6,924.728,581,1699,0.002,13754400,0.44353600276875293,Wildtype,NA
24,20230717_WT_DAPI_GFP_Phal_Puro_60x_002.tiff:0046-0570-0977:48,1.647e-6,1085.476,651,1948,0.002,15236831,0.5486891861290205,Wildtype,NA
25,20230717_WT_DAPI_GFP_Phal_Puro_60x_002.tiff:0046-0751-0795:48,1.324e-6,1253.41,726,2255,0.002,14135957,0.6578109439980562,Wildtype,NA
26,20230717_WT_DAPI_GFP_Phal_Puro_60x_002.tiff:0028-1491-1317:30,9.409e-7,884.372,493,1782,8.321e-4,7090013,0.4173310855009373,Wildtype,NA
27,20230717_WT_DAPI_GFP_Phal_Puro_60x_002.tiff:0028-1490-1388:30,8.367e-7,818.261,487,1964,6.846e-4,5833380,0.3741963370544713,Wildtype,NA
28,20230717_WT_DAPI_GFP_Phal_Puro_60x_002.tiff:0028-1630-1377:30,6.653e-7,894.438,543,2030,5.951e-4,5070569,0.4239242260151831,Wildtype,NA
1,20230717_WT_DAPI_GFP_Phal_Puro_60x_003.tiff:0022-0855-0799:24,1.842e-6,2333.916,1014,3645,0.004,36635475,1.3630369088626155,Wildtype,NA
2,20230717_WT_DAPI_GFP_Phal_Puro_60x_003.tiff:0022-0751-1073:24,1.439e-6,2525.819,1500,3900,0.004,30979167,1.4885297973374851,Wildtype,NA
3,20230717_WT_DAPI_GFP_Phal_Puro_60x_003.tiff:0034-0430-0805:36,1.303e-6,1643.616,1021,2525,0.002,18247425,0.912537802435973,Wildtype,NA
4,20230717_WT_DAPI_GFP_Phal_Puro_60x_003.tiff:0022-0463-1018:24,1.507e-6,2156.046,964,3427,0.003,27687946,1.2469768402462045,Wildtype,NA
5,20230717_WT_DAPI_GFP_Phal_Puro_60x_003.tiff:0028-0310-1001:30,1.584e-6,1936.352,825,3331,0.003,26134945,1.1035505188944483,Wildtype,NA
6,20230717_WT_DAPI_GFP_Phal_Puro_60x_003.tiff:0031-0451-0530:33,1.109e-6,1462.327,555,2554,0.002,13814599,0.7940830689455213,Wildtype,NA
7,20230717_WT_DAPI_GFP_Phal_Puro_60x_003.tiff:0040-0634-0589:42,1.611e-6,1539.807,1002,2479,0.002,21132318,0.8446622906849036,Wildtype,NA
8,20230717_WT_DAPI_GFP_Phal_Puro_60x_003.tiff:0047-1537-0783:48,1.634e-6,1989.854,1233,3117,0.003,27710704,1.138725171197745,Wildtype,NA
9,20230717_WT_DAPI_GFP_Phal_Puro_60x_003.tiff:0047-1658-0835:48,1.509e-6,1921.02,1119,3250,0.003,24700480,1.0935557673346905,Wildtype,NA
10,20230717_WT_DAPI_GFP_Phal_Puro_60x_003.tiff:0032-1405-0698:33,1.316e-6,2499.589,1388,3952,0.003,28035390,1.471322774921952,Wildtype,NA
11,20230717_WT_DAPI_GFP_Phal_Puro_60x_003.tiff:0038-1317-0521:39,1.194e-6,2209.09,1432,3371,0.003,22479698,1.281756940957014,Wildtype,NA
12,20230717_WT_DAPI_GFP_Phal_Puro_60x_003.tiff:0023-1689-0686:24,9.169e-7,1938.508,1201,3113,0.002,15145564,1.1049969758001557,Wildtype,NA
13,20230717_WT_DAPI_GFP_Phal_Puro_60x_003.tiff:0023-1557-0582:24,1.16e-6,2145.809,1222,3421,0.002,21217764,1.2407213410393458,Wildtype,NA
14,20230717_WT_DAPI_GFP_Phal_Puro_60x_003.tiff:0023-1157-0424:24,1.17e-6,2114.806,1207,4047,0.002,21080390,1.2197650789624084,Wildtype,NA
15,20230717_WT_DAPI_GFP_Phal_Puro_60x_003.tiff:0023-1179-0545:24,1.383e-6,2363.9,1429,3624,0.003,27856200,1.3823971333479135,Wildtype,NA
16,20230717_WT_DAPI_GFP_Phal_Puro_60x_003.tiff:0023-1098-0704:24,1.444e-6,2617.342,1497,4163,0.004,32211626,1.5481614714217127,Wildtype,NA
17,20230717_WT_DAPI_GFP_Phal_Puro_60x_003.tiff:0029-1297-0383:30,9.689e-7,2330.489,1371,3654,0.002,19240514,1.3606741121962151,Wildtype,NA
18,20230717_WT_DAPI_GFP_Phal_Puro_60x_003.tiff:0020-1253-0824:21,1.015e-6,2966.268,1887,4445,0.003,25661187,1.7758864606138425,Wildtype,NA
19,20230717_WT_DAPI_GFP_Phal_Puro_60x_003.tiff:0026-1185-0967:27,1.431e-6,2834.523,1798,4522,0.004,34572677,1.6899821300400606,Wildtype,NA
20,20230717_WT_DAPI_GFP_Phal_Puro_60x_003.tiff:0017-0890-0315:18,7.239e-7,1660.17,939,2848,0.001,10239927,0.9233574863185994,Wildtype,NA
1,20230717_WT_DAPI_GFP_Phal_Puro_60x_004.tiff:0029-1258-0826:30,1.502e-6,1549.817,917,2619,0.002,19831460,0.8512345939531165,Wildtype,NA
2,20230717_WT_DAPI_GFP_Phal_Puro_60x_004.tiff:0035-1283-0998:36,2.005e-6,1500.544,861,2631,0.003,25641296,0.819488648243738,Wildtype,NA
3,20230717_WT_DAPI_GFP_Phal_Puro_60x_004.tiff:0050-1503-1006:51,1.65e-6,1355.585,887,2339,0.002,19056820,0.7246327466387767,Wildtype,NA
4,20230717_WT_DAPI_GFP_Phal_Puro_60x_004.tiff:0041-1599-1057:42,1.397e-6,1633.387,1161,2605,0.002,19445469,0.9060525894284669,Wildtype,NA
5,20230717_WT_DAPI_GFP_Phal_Puro_60x_004.tiff:0032-1726-1012:33,1.082e-6,1841.023,1086,3212,0.002,16970553,1.0411671803186229,Wildtype,NA
6,20230717_WT_DAPI_GFP_Phal_Puro_60x_004.tiff:0032-1799-1120:33,1.448e-6,1757.96,848,2973,0.003,21694983,0.987449447645041,Wildtype,NA
7,20230717_WT_DAPI_GFP_Phal_Puro_60x_004.tiff:0035-1922-1222:36,1.425e-6,1553.551,745,2689,0.002,18869426,0.8541691460681483,Wildtype,NA
8,20230717_WT_DAPI_GFP_Phal_Puro_60x_004.tiff:0041-1771-1506:42,1.467e-6,1020.956,575,1622,0.001,12758890,0.5062790710429192,Wildtype,NA
9,20230717_WT_DAPI_GFP_Phal_Puro_60x_004.tiff:0011-1240-1129:12,1.677e-6,1869.822,904,2893,0.003,26723498,1.0603720381707695,Wildtype,NA
10,20230717_WT_DAPI_GFP_Phal_Puro_60x_004.tiff:0020-1078-1050:21,1.954e-6,1549.542,975,2527,0.003,25798332,0.8511934294386798,Wildtype,NA
11,20230717_WT_DAPI_GFP_Phal_Puro_60x_004.tiff:0023-1004-0965:24,1.576e-6,1507.856,910,2586,0.002,20245983,0.8239103176133945,Wildtype,NA
12,20230717_WT_DAPI_GFP_Phal_Puro_60x_004.tiff:0023-1018-0743:24,1.62e-6,1630.828,821,2618,0.003,22516845,0.9045091999094821,Wildtype,NA
13,20230717_WT_DAPI_GFP_Phal_Puro_60x_004.tiff:0023-0644-0695:24,1.602e-6,1532.941,846,2631,0.002,20921581,0.8402335264906149,Wildtype,NA
14,20230717_WT_DAPI_GFP_Phal_Puro_60x_004.tiff:0026-0712-0447:27,1.456e-6,1394.747,906,2280,0.002,17297647,0.7499460723938425,Wildtype,NA
15,20230717_WT_DAPI_GFP_Phal_Puro_60x_004.tiff:0029-0752-0334:30,1.433e-6,1441.394,889,2430,0.002,17597978,0.780587390163692,Wildtype,NA
16,20230717_WT_DAPI_GFP_Phal_Puro_60x_004.tiff:0044-0579-0179:45,1.167e-6,991.306,604,1740,0.001,9860519,0.4873086909375978,Wildtype,NA
17,20230717_WT_DAPI_GFP_Phal_Puro_60x_004.tiff:0053-0251-0473:54,9.547e-7,1055.406,730,1615,0.001,8585730,0.5289273999184666,Wildtype,NA
18,20230717_WT_DAPI_GFP_Phal_Puro_60x_004.tiff:0047-0366-0739:48,1.298e-6,1195.285,803,2045,0.002,13218658,0.6200826742299167,Wildtype,NA
19,20230717_WT_DAPI_GFP_Phal_Puro_60x_004.tiff:0062-0659-1043:63,1.809e-6,916.125,601,1552,0.002,14122990,0.4381318968663604,Wildtype,NA
20,20230717_WT_DAPI_GFP_Phal_Puro_60x_004.tiff:0062-1452-1569:63,1.543e-6,1080.597,737,1655,0.002,14205522,0.5452570730525144,Wildtype,NA
21,20230717_WT_DAPI_GFP_Phal_Puro_60x_004.tiff:0023-0446-1040:24,1.254e-6,1357.046,830,2244,0.002,14505460,0.725992679047843,Wildtype,NA
22,20230717_WT_DAPI_GFP_Phal_Puro_60x_004.tiff:0029-0313-0972:30,1.144e-6,1124.603,649,1799,0.001,10962631,0.5740631199842596,Wildtype,NA
23,20230717_WT_DAPI_GFP_Phal_Puro_60x_004.tiff:0038-0273-0844:39,1.291e-6,1053.036,567,1783,0.001,11584451,0.5274055511613734,Wildtype,NA
24,20230717_WT_DAPI_GFP_Phal_Puro_60x_004.tiff:0044-0649-1368:45,1.136e-6,1154.207,714,1854,0.001,11176184,0.5936201639615789,Wildtype,NA
25,20230717_WT_DAPI_GFP_Phal_Puro_60x_004.tiff:0047-1023-0632:48,1.731e-6,1129.042,653,1812,0.002,16656756,0.5771176635556732,Wildtype,NA
26,20230717_WT_DAPI_GFP_Phal_Puro_60x_004.tiff:0017-0927-1348:18,1.426e-6,1460.085,856,2371,0.002,17737118,0.7926717870186242,Wildtype,NA
27,20230717_WT_DAPI_GFP_Phal_Puro_60x_004.tiff:0017-0867-1481:18,1.065e-6,1401.812,811,2246,0.001,12715840,0.7545012657344278,Wildtype,NA
28,20230717_WT_DAPI_GFP_Phal_Puro_60x_004.tiff:0014-1058-1490:15,1.277e-6,1733.243,1058,2845,0.002,18857680,0.9709484542459238,Wildtype,NA
29,20230717_WT_DAPI_GFP_Phal_Puro_60x_004.tiff:0020-1298-1386:21,1.698e-6,1699.624,881,2733,0.003,24596961,0.9494117833041897,Wildtype,NA
1,20230717_WT_DAPI_GFP_Phal_Puro_60x_005.tiff:0030-1329-0932:30,1.727e-6,1486.759,766,2456,0.003,21873205,0.8100541045933812,Wildtype,NA
2,20230717_WT_DAPI_GFP_Phal_Puro_60x_005.tiff:0039-1363-1097:39,1.613e-6,1277.708,643,2418,0.002,17558264,0.6737925916679725,Wildtype,NA
3,20230717_WT_DAPI_GFP_Phal_Puro_60x_005.tiff:0030-1943-1383:30,8.481e-7,1129.734,606,2004,9.581e-4,8163455,0.5773442801957452,Wildtype,NA
4,20230717_WT_DAPI_GFP_Phal_Puro_60x_005.tiff:0030-0881-1051:30,1.218e-6,1911.484,1232,2976,0.002,19843117,1.087644610867293,Wildtype,NA
5,20230717_WT_DAPI_GFP_Phal_Puro_60x_005.tiff:0027-0879-0839:27,1.37e-6,2640.993,1760,3659,0.004,30820391,1.5626617942721306,Wildtype,NA
6,20230717_WT_DAPI_GFP_Phal_Puro_60x_005.tiff:0030-0543-0878:30,1.505e-6,2465.695,1435,3459,0.004,31617610,1.4487312959908376,Wildtype,NA
7,20230717_WT_DAPI_GFP_Phal_Puro_60x_005.tiff:0036-0649-1108:36,1.508e-6,2024.65,1245,2984,0.003,26016748,1.1612065002976208,Wildtype,NA
8,20230717_WT_DAPI_GFP_Phal_Puro_60x_005.tiff:0033-0689-1247:33,1.571e-6,1517.136,985,2526,0.002,20309893,0.8301545344509837,Wildtype,NA
9,20230717_WT_DAPI_GFP_Phal_Puro_60x_005.tiff:0033-1061-1203:33,1.699e-6,1425.694,842,2322,0.002,20638347,0.7703931841266796,Wildtype,NA
10,20230717_WT_DAPI_GFP_Phal_Puro_60x_005.tiff:0030-1651-1101:30,8.604e-7,1342.145,730,2355,0.001,9839266,0.7159133764221909,Wildtype,NA
11,20230717_WT_DAPI_GFP_Phal_Puro_60x_005.tiff:0021-1540-1310:21,1.296e-6,1318.659,713,3153,0.002,14556674,0.700320568864675,Wildtype,NA
12,20230717_WT_DAPI_GFP_Phal_Puro_60x_005.tiff:0051-1389-1301:51,1.924e-6,1052.01,660,2018,0.002,17248760,0.5267788426261363,Wildtype,NA
13,20230717_WT_DAPI_GFP_Phal_Puro_60x_005.tiff:0042-1241-1645:42,9.233e-7,1099.174,620,1987,0.001,8647199,0.5574370526359863,Wildtype,NA
14,20230717_WT_DAPI_GFP_Phal_Puro_60x_005.tiff:0036-1532-1778:36,7.828e-7,1018.945,641,1713,7.976e-4,6796365,0.5051197023043198,Wildtype,NA
15,20230717_WT_DAPI_GFP_Phal_Puro_60x_005.tiff:0036-0800-1427:36,1.496e-6,1419.481,863,2251,0.002,18096960,0.7665309931773718,Wildtype,NA
16,20230717_WT_DAPI_GFP_Phal_Puro_60x_005.tiff:0030-0571-1384:30,9.627e-7,1745.522,1107,2706,0.002,14318515,0.9790719191898174,Wildtype,NA
17,20230717_WT_DAPI_GFP_Phal_Puro_60x_005.tiff:0027-0616-1632:27,8.953e-7,1467.926,946,2197,0.001,11198805,0.7980356120883908,Wildtype,NA
18,20230717_WT_DAPI_GFP_Phal_Puro_60x_005.tiff:0030-0402-1306:30,1.35e-6,1874.215,850,2749,0.003,21559097,1.0630055783754837,Wildtype,NA
19,20230717_WT_DAPI_GFP_Phal_Puro_60x_005.tiff:0036-0383-1046:36,1.091e-6,2130.696,1274,3102,0.002,19806953,1.23028600862609,Wildtype,NA
20,20230717_WT_DAPI_GFP_Phal_Puro_60x_005.tiff:0042-0259-1103:42,1.332e-6,1875.769,1167,2766,0.002,21288103,1.063951606820017,Wildtype,NA
21,20230717_WT_DAPI_GFP_Phal_Puro_60x_005.tiff:0057-0425-1452:57,1.117e-6,1212.254,789,1942,0.001,11537018,0.6311605633816719,Wildtype,NA
22,20230717_WT_DAPI_GFP_Phal_Puro_60x_005.tiff:0060-0261-1266:60,1.38e-6,1293.249,848,2147,0.002,15203436,0.683860230446167,Wildtype,NA
23,20230717_WT_DAPI_GFP_Phal_Puro_60x_005.tiff:0054-1586-1159:54,1.518e-6,1356.653,864,2291,0.002,17548308,0.7254413235345415,Wildtype,NA
24,20230717_WT_DAPI_GFP_Phal_Puro_60x_005.tiff:0051-0427-0886:51,1.181e-6,1812.81,1011,2728,0.002,18249555,1.0234221530984038,Wildtype,NA
25,20230717_WT_DAPI_GFP_Phal_Puro_60x_005.tiff:0033-0291-1512:33,6.963e-7,1207.131,839,1900,8.405e-4,7161911,0.6278759647246185,Wildtype,NA
26,20230717_WT_DAPI_GFP_Phal_Puro_60x_005.tiff:0015-0152-1424:15,1.098e-6,1736.506,868,2787,0.002,16239808,0.9727229757015918,Wildtype,NA
27,20230717_WT_DAPI_GFP_Phal_Puro_60x_005.tiff:0021-0143-1270:21,1.113e-6,1780.497,1037,2754,0.002,16884452,1.0018026984000414,Wildtype,NA
1,20230717_sypn_DAPI_GFP_Phal_Puro_60x_001.tiff:0028-1651-1235:30,1.858e-6,975.816,523,1706,0.002,15450092,0.47704930003889673,syp KO,NA
2,20230717_sypn_DAPI_GFP_Phal_Puro_60x_001.tiff:0019-1836-1398:21,1.43e-6,879.909,448,1617,0.001,10723452,0.41454189024476895,syp KO,NA
3,20230717_sypn_DAPI_GFP_Phal_Puro_60x_001.tiff:0022-1667-1597:24,1.864e-6,972.868,509,1553,0.002,15450110,0.47500098833599075,syp KO,NA
4,20230717_sypn_DAPI_GFP_Phal_Puro_60x_001.tiff:0028-1524-1724:30,2.291e-6,833.263,484,1454,0.002,16268633,0.3840882107949733,syp KO,NA
5,20230717_sypn_DAPI_GFP_Phal_Puro_60x_001.tiff:0034-1721-1825:36,2.353e-6,704.638,408,1121,0.002,14126584,0.30007457612719796,syp KO,NA
6,20230717_sypn_DAPI_GFP_Phal_Puro_60x_001.tiff:0037-1925-1638:39,1.623e-6,696.828,366,1209,0.001,9636436,0.29500477512541023,syp KO,NA
7,20230717_sypn_DAPI_GFP_Phal_Puro_60x_001.tiff:0034-1808-0841:36,1.63e-6,846.898,442,1664,0.001,11760874,0.39282707639335207,syp KO,NA
8,20230717_sypn_DAPI_GFP_Phal_Puro_60x_001.tiff:0037-1763-0705:39,1.415e-6,867.958,518,1432,0.001,10466702,0.4067369367301608,syp KO,NA
9,20230717_sypn_DAPI_GFP_Phal_Puro_60x_001.tiff:0037-1332-1140:39,1.75e-6,973.679,584,1941,0.002,14520482,0.47566949967025607,syp KO,NA
10,20230717_sypn_DAPI_GFP_Phal_Puro_60x_001.tiff:0022-1358-1517:24,1.897e-6,1065.724,613,1853,0.002,17224232,0.535557148221066,syp KO,NA
11,20230717_sypn_DAPI_GFP_Phal_Puro_60x_001.tiff:0022-1450-1375:24,2.4549999999999998e-06,956.636,590,1894,0.002,20010917,0.4644673554653404,syp KO,NA
12,20230717_sypn_DAPI_GFP_Phal_Puro_60x_001.tiff:0028-1155-1656:30,1.74e-6,1300.71,637,2418,0.002,19281726,0.6887955328190449,syp KO,NA
13,20230717_sypn_DAPI_GFP_Phal_Puro_60x_001.tiff:0028-0893-1516:30,1.737e-6,1139.52,624,1992,0.002,16862612,0.5836456125497609,syp KO,NA
14,20230717_sypn_DAPI_GFP_Phal_Puro_60x_001.tiff:0040-0934-1277:42,2.111e-6,1281.995,695,2195,0.003,23063084,0.6768335203132834,syp KO,NA
15,20230717_sypn_DAPI_GFP_Phal_Puro_60x_001.tiff:0034-1135-0963:36,1.756e-6,895.984,503,1698,0.002,13406616,0.4249400551422287,syp KO,NA
16,20230717_sypn_DAPI_GFP_Phal_Puro_60x_001.tiff:0037-0969-0795:39,1.809e-6,1069.153,572,1692,0.002,16475654,0.53769155453219,syp KO,NA
17,20230717_sypn_DAPI_GFP_Phal_Puro_60x_001.tiff:0040-0688-1123:42,1.696e-6,971.421,584,1575,0.002,14040914,0.4742473380757168,syp KO,NA
18,20230717_sypn_DAPI_GFP_Phal_Puro_60x_001.tiff:0043-0756-1029:45,1.529e-6,1010.502,597,1663,0.002,13164824,0.49960526783631354,syp KO,NA
19,20230717_sypn_DAPI_GFP_Phal_Puro_60x_001.tiff:0031-0751-0866:33,1.976e-6,1070.211,643,2081,0.002,18021291,0.5386471991783276,syp KO,NA
20,20230717_sypn_DAPI_GFP_Phal_Puro_60x_001.tiff:0031-0812-0700:33,1.686e-6,1036.618,607,1807,0.002,14894128,0.5167466061031919,syp KO,NA
21,20230717_sypn_DAPI_GFP_Phal_Puro_60x_001.tiff:0031-0794-0558:33,1.59e-6,982.901,471,2066,0.002,13319296,0.4817552647612925,syp KO,NA
22,20230717_sypn_DAPI_GFP_Phal_Puro_60x_001.tiff:0025-1058-0352:27,1.529e-6,895.327,540,1603,0.001,11662536,0.42438969503261365,syp KO,NA
23,20230717_sypn_DAPI_GFP_Phal_Puro_60x_001.tiff:0022-0844-0347:24,1.177e-6,843.187,525,1713,9.921e-4,8453791,0.3903184436772703,syp KO,NA
24,20230717_sypn_DAPI_GFP_Phal_Puro_60x_001.tiff:0034-0584-0103:36,1.594e-6,826.172,499,1431,0.001,11221891,0.37941668453950883,syp KO,NA
25,20230717_sypn_DAPI_GFP_Phal_Puro_60x_001.tiff:0040-0466-0171:42,1.388e-6,817.901,506,1376,0.001,9670864,0.37385886873142327,syp KO,NA
26,20230717_sypn_DAPI_GFP_Phal_Puro_60x_001.tiff:0046-0595-0890:48,1.462e-6,777.644,522,1260,0.001,9690217,0.34787481012029514,syp KO,NA
27,20230717_sypn_DAPI_GFP_Phal_Puro_60x_001.tiff:0037-0573-0767:39,1.647e-6,968.095,542,1889,0.002,13583337,0.4718343716405372,syp KO,NA
28,20230717_sypn_DAPI_GFP_Phal_Puro_60x_001.tiff:0052-0473-0831:54,1.85e-6,817.757,515,1386,0.002,12893581,0.3740136569442059,syp KO,NA
29,20230717_sypn_DAPI_GFP_Phal_Puro_60x_001.tiff:0046-0220-0593:48,1.243e-6,754.318,515,1360,9.373e-4,7986724,0.33235796823161606,syp KO,NA
30,20230717_sypn_DAPI_GFP_Phal_Puro_60x_001.tiff:0034-0363-0465:36,1.41e-6,1139.661,656,1697,0.002,13689613,0.5837260942073755,syp KO,NA
1,20230717_sypn_DAPI_GFP_Phal_Puro_60x_002.tiff:0017-0650-0609:18,2.262e-6,1553.854,821,3365,0.004,29948977,0.8540421007668735,syp KO,NA
2,20230717_sypn_DAPI_GFP_Phal_Puro_60x_002.tiff:0014-1626-0838:15,2.188e-6,1685.038,962,2868,0.004,31414161,0.9395850495216743,syp KO,NA
3,20230717_sypn_DAPI_GFP_Phal_Puro_60x_002.tiff:0014-1714-1142:15,2.053e-6,1603.57,1001,2692,0.003,28051249,0.8864621151021331,syp KO,NA
4,20230717_sypn_DAPI_GFP_Phal_Puro_60x_002.tiff:0014-1633-1046:15,1.881e-6,1631.762,924,2961,0.003,26158778,0.9050878884180713,syp KO,NA
5,20230717_sypn_DAPI_GFP_Phal_Puro_60x_002.tiff:0017-1250-0962:18,1.819e-6,1812.301,967,4922,0.003,28092479,1.0227549603415345,syp KO,NA
6,20230717_sypn_DAPI_GFP_Phal_Puro_60x_002.tiff:0017-1331-1071:18,1.539e-6,1523.392,918,2868,0.002,19976243,0.8341361894041425,syp KO,NA
7,20230717_sypn_DAPI_GFP_Phal_Puro_60x_002.tiff:0014-0927-0544:15,2.108e-6,1440.273,878,2710,0.003,25867296,0.7798600052030726,syp KO,NA
8,20230717_sypn_DAPI_GFP_Phal_Puro_60x_002.tiff:0014-0769-0928:15,1.811e-6,1414.132,793,2755,0.003,21822885,0.7629549424350696,syp KO,NA
9,20230717_sypn_DAPI_GFP_Phal_Puro_60x_002.tiff:0011-1022-1434:12,1.792e-6,1371.659,808,2419,0.002,20945226,0.7352427032095428,syp KO,NA
10,20230717_sypn_DAPI_GFP_Phal_Puro_60x_002.tiff:0008-1400-1733:9,1.367e-6,1123.014,594,1993,0.002,13080866,0.5730152667459999,syp KO,NA
11,20230717_sypn_DAPI_GFP_Phal_Puro_60x_002.tiff:0008-1530-1671:9,1.517e-6,1495.774,820,2919,0.002,19340361,0.8164577681792317,syp KO,NA
12,20230717_sypn_DAPI_GFP_Phal_Puro_60x_002.tiff:0011-1645-1293:12,1.965e-6,1466.583,833,3030,0.003,24552069,0.796983245338575,syp KO,NA
13,20230717_sypn_DAPI_GFP_Phal_Puro_60x_002.tiff:0014-1090-0816:15,2.393e-6,1745.966,1021,2984,0.004,35601987,0.9793984519775806,syp KO,NA
14,20230717_sypn_DAPI_GFP_Phal_Puro_60x_002.tiff:0014-1319-0755:15,1.471e-6,1613.817,912,2556,0.002,20222746,0.8928984803433608,syp KO,NA
15,20230717_sypn_DAPI_GFP_Phal_Puro_60x_002.tiff:0017-1941-1453:18,1.027e-6,987.944,637,1840,0.001,8642533,0.4846951785668136,syp KO,NA
16,20230717_sypn_DAPI_GFP_Phal_Puro_60x_002.tiff:0014-1843-1580:15,1.533e-6,1295.197,759,2277,0.002,16921749,0.6854938928787795,syp KO,NA
17,20230717_sypn_DAPI_GFP_Phal_Puro_60x_002.tiff:0032-0780-1420:33,1.466e-6,1252.978,745,2162,0.002,15655957,0.6580150122389193,syp KO,NA
18,20230717_sypn_DAPI_GFP_Phal_Puro_60x_002.tiff:0032-0892-1320:33,1.924e-6,1388.136,713,2190,0.003,22761274,0.7461132129410705,syp KO,NA
19,20230717_sypn_DAPI_GFP_Phal_Puro_60x_002.tiff:0044-0384-0679:45,2.032e-6,1221.839,730,1811,0.002,21159815,0.6376461334184492,syp KO,NA
20,20230717_sypn_DAPI_GFP_Phal_Puro_60x_002.tiff:0038-0162-0249:39,1.832e-6,1177.032,709,2087,0.002,18374644,0.6082905741379844,syp KO,NA
21,20230717_sypn_DAPI_GFP_Phal_Puro_60x_002.tiff:0038-0189-0589:39,1.884e-6,1576.774,889,2699,0.003,25310371,0.8689191472565774,syp KO,NA
22,20230717_sypn_DAPI_GFP_Phal_Puro_60x_002.tiff:0023-0518-1241:24,1.458e-6,1851.636,791,2960,0.003,23004728,1.0483514724890626,syp KO,NA
23,20230717_sypn_DAPI_GFP_Phal_Puro_60x_002.tiff:0029-0300-1117:30,1.097e-6,1238.035,721,2010,0.001,11573153,0.6480975765629746,syp KO,NA
24,20230717_sypn_DAPI_GFP_Phal_Puro_60x_002.tiff:0029-0271-0855:30,1.378e-6,1512.819,948,2786,0.002,17763520,0.8273063869291506,syp KO,NA
25,20230717_sypn_DAPI_GFP_Phal_Puro_60x_002.tiff:0017-1207-1441:18,1.916e-6,1416.946,799,2784,0.003,23128809,0.7645792789103443,syp KO,NA
1,20230717_sypn_DAPI_GFP_Phal_Puro_60x_003.tiff:0035-1086-0852:36,1.979e-6,1672.203,808,2725,0.003,28203377,0.9314589387851584,syp KO,NA
2,20230717_sypn_DAPI_GFP_Phal_Puro_60x_003.tiff:0035-1323-0798:36,1.961e-6,1528.489,635,2772,0.003,25536461,0.8373627231840678,syp KO,NA
3,20230717_sypn_DAPI_GFP_Phal_Puro_60x_003.tiff:0035-1835-1017:36,1.693e-6,1269.641,690,2244,0.002,18314573,0.6686139100029125,syp KO,NA
4,20230717_sypn_DAPI_GFP_Phal_Puro_60x_003.tiff:0035-1834-0890:36,1.328e-6,1243.77,646,2116,0.002,14076990,0.6519499251934403,syp KO,NA
5,20230717_sypn_DAPI_GFP_Phal_Puro_60x_003.tiff:0032-1650-1061:33,1.229e-6,1435.942,833,2475,0.002,15031446,0.7767686526607608,syp KO,NA
6,20230717_sypn_DAPI_GFP_Phal_Puro_60x_003.tiff:0032-1498-1081:33,1.986e-6,1373.732,572,2440,0.003,23249039,0.7366421375786737,syp KO,NA
7,20230717_sypn_DAPI_GFP_Phal_Puro_60x_003.tiff:0017-1690-1263:18,1.582e-6,1265.144,521,2197,0.002,17059208,0.6659724581912471,syp KO,NA
8,20230717_sypn_DAPI_GFP_Phal_Puro_60x_003.tiff:0020-1896-1342:21,1.706e-6,1077.082,523,2256,0.002,15659691,0.5431714244078262,syp KO,NA
9,20230717_sypn_DAPI_GFP_Phal_Puro_60x_003.tiff:0026-1739-1599:27,1.782e-6,1154.43,628,2256,0.002,17526551,0.5934009083896057,syp KO,NA
10,20230717_sypn_DAPI_GFP_Phal_Puro_60x_003.tiff:0029-1687-1743:30,1.177e-6,1155.298,539,2234,0.001,11584172,0.5939207956263733,syp KO,NA
11,20230717_sypn_DAPI_GFP_Phal_Puro_60x_003.tiff:0020-1540-1333:21,1.632e-6,1353.259,731,2355,0.002,18822479,0.7233921185690632,syp KO,NA
12,20230717_sypn_DAPI_GFP_Phal_Puro_60x_003.tiff:0023-1335-1253:24,1.848e-6,1570.569,818,2794,0.003,24736466,0.865179843715869,syp KO,NA
13,20230717_sypn_DAPI_GFP_Phal_Puro_60x_003.tiff:0023-1139-1776:24,1.721e-6,1018.092,554,2318,0.002,14930313,0.5046028812874126,syp KO,NA
14,20230717_sypn_DAPI_GFP_Phal_Puro_60x_003.tiff:0026-1154-1150:27,1.903e-6,1573.813,710,2867,0.003,25524101,0.8672487714409427,syp KO,NA
15,20230717_sypn_DAPI_GFP_Phal_Puro_60x_003.tiff:0029-0946-1178:30,1.589e-6,1315.659,808,2330,0.002,17808754,0.6984466613736596,syp KO,NA
16,20230717_sypn_DAPI_GFP_Phal_Puro_60x_003.tiff:0035-0810-1420:36,1.775e-6,1152.549,597,1973,0.002,17432297,0.5923051564207389,syp KO,NA
17,20230717_sypn_DAPI_GFP_Phal_Puro_60x_003.tiff:0038-0846-1047:39,1.298e-6,1436.053,832,2407,0.002,15878441,0.7769503882875741,syp KO,NA
18,20230717_sypn_DAPI_GFP_Phal_Puro_60x_003.tiff:0050-0584-0911:51,1.613e-6,725.517,468,1241,0.001,9970055,0.3136562313628406,syp KO,NA
19,20230717_sypn_DAPI_GFP_Phal_Puro_60x_003.tiff:0047-0767-1199:48,1.573e-6,859.28,548,1469,0.001,11515215,0.4008868354267456,syp KO,NA
20,20230717_sypn_DAPI_GFP_Phal_Puro_60x_003.tiff:0047-0599-1241:48,1.688e-6,823.498,561,1397,0.001,11843553,0.37759783830162563,syp KO,NA
21,20230717_sypn_DAPI_GFP_Phal_Puro_60x_003.tiff:0047-0528-0396:48,1.746e-6,1104.277,576,1685,0.002,16432742,0.5609672968406058,syp KO,NA
22,20230717_sypn_DAPI_GFP_Phal_Puro_60x_003.tiff:0035-0344-0816:36,1.954e-6,833.237,510,1476,0.002,13874223,0.3840358146171158,syp KO,NA
23,20230717_sypn_DAPI_GFP_Phal_Puro_60x_003.tiff:0056-0188-0800:57,1.474e-6,723.808,414,1319,0.001,9090302,0.3125871275553039,syp KO,NA
24,20230717_sypn_DAPI_GFP_Phal_Puro_60x_003.tiff:0047-0250-1183:48,1.429e-6,770.033,455,1265,0.001,9374379,0.3426724131049585,syp KO,NA
25,20230717_sypn_DAPI_GFP_Phal_Puro_60x_003.tiff:0029-0353-1416:30,1.413e-6,772.712,468,1375,0.001,9301906,0.34443256564211616,syp KO,NA
26,20230717_sypn_DAPI_GFP_Phal_Puro_60x_003.tiff:0026-0516-1557:27,1.492e-6,818.246,511,1603,0.001,10405640,0.3743800625088617,syp KO,NA
27,20230717_sypn_DAPI_GFP_Phal_Puro_60x_003.tiff:0017-0522-1316:18,1.886e-6,978.852,383,2012,0.002,15734060,0.4791249008330887,syp KO,NA
1,20230717_sypn_DAPI_GFP_Phal_Puro_60x_004.tiff:0043-1819-0901:45,2.192e-6,2316.43,1324,3442,0.005,43263956,1.3514192609766662,syp KO,NA
2,20230717_sypn_DAPI_GFP_Phal_Puro_60x_004.tiff:0034-1906-0973:36,1.143e-6,2657.431,1598,3716,0.003,25878064,1.5736731870545855,syp KO,NA
3,20230717_sypn_DAPI_GFP_Phal_Puro_60x_004.tiff:0034-1924-1111:36,1.415e-6,1706.791,1007,2704,0.002,20585607,0.954180221928302,syp KO,NA
4,20230717_sypn_DAPI_GFP_Phal_Puro_60x_004.tiff:0019-1774-1348:21,1.032e-6,1844.192,1234,2881,0.002,16214136,1.0432296959999372,syp KO,NA
5,20230717_sypn_DAPI_GFP_Phal_Puro_60x_004.tiff:0025-1576-1104:27,1.88e-6,2902.585,1780,4393,0.005,46493600,1.7336813269404097,syp KO,NA
6,20230717_sypn_DAPI_GFP_Phal_Puro_60x_004.tiff:0040-1668-0941:42,1.342e-6,2382.867,1512,3691,0.003,27255231,1.3952233205573428,syp KO,NA
7,20230717_sypn_DAPI_GFP_Phal_Puro_60x_004.tiff:0028-1567-1315:30,1.103e-6,2189.409,1428,3271,0.002,20569493,1.2680892730286026,syp KO,NA
8,20230717_sypn_DAPI_GFP_Phal_Puro_60x_004.tiff:0022-1426-1679:24,1.291e-6,2403.764,1194,3611,0.003,26446208,1.4086694269956885,syp KO,NA
9,20230717_sypn_DAPI_GFP_Phal_Puro_60x_004.tiff:0028-1567-1315:30,1.103e-6,2189.409,1428,3271,0.002,20569493,1.2680892730286026,syp KO,NA
10,20230717_sypn_DAPI_GFP_Phal_Puro_60x_004.tiff:0028-1255-1547:30,1.525e-6,2633.77,1627,4230,0.004,34212673,1.557908153720304,syp KO,NA
11,20230717_sypn_DAPI_GFP_Phal_Puro_60x_004.tiff:0034-1356-1074:36,1.824e-6,2792.03,1801,4455,0.005,43396520,1.661822082499483,syp KO,NA
12,20230717_sypn_DAPI_GFP_Phal_Puro_60x_004.tiff:0037-1457-0887:39,2.106e-6,3359.464,1980,5072,0.007,60275504,2.0314883717208403,syp KO,NA
13,20230717_sypn_DAPI_GFP_Phal_Puro_60x_004.tiff:0022-1189-1123:24,1.768e-6,3509.816,1842,5173,0.006,52864846,2.12948259773339,syp KO,NA
14,20230717_sypn_DAPI_GFP_Phal_Puro_60x_004.tiff:0016-1264-1344:18,1.203e-6,3190.855,1796,4965,0.004,32696692,1.921133281589632,syp KO,NA
15,20230717_sypn_DAPI_GFP_Phal_Puro_60x_004.tiff:0016-1093-1342:18,1.409e-6,3301.283,2033,4806,0.005,39635205,1.993914468874158,syp KO,NA
16,20230717_sypn_DAPI_GFP_Phal_Puro_60x_004.tiff:0019-0972-1671:21,1.296e-6,2460.875,1431,3997,0.003,27168055,1.4452578322585545,syp KO,NA
17,20230717_sypn_DAPI_GFP_Phal_Puro_60x_004.tiff:0025-0755-1714:27,1.264e-6,2399.652,1450,3492,0.003,25849054,1.4060011275440316,syp KO,NA
18,20230717_sypn_DAPI_GFP_Phal_Puro_60x_004.tiff:0019-0785-1322:21,1.5e-6,3304.383,1646,5044,0.005,42220097,1.9951934005623568,syp KO,NA
19,20230717_sypn_DAPI_GFP_Phal_Puro_60x_004.tiff:0034-1025-1035:36,2.203e-6,3106.327,1931,4768,0.007,58318174,1.8670001804134952,syp KO,NA
20,20230717_sypn_DAPI_GFP_Phal_Puro_60x_004.tiff:0034-0710-1099:36,1.823e-6,2997.364,1797,4598,0.005,46561060,1.795709238734449,syp KO,NA
21,20230717_sypn_DAPI_GFP_Phal_Puro_60x_004.tiff:0022-0618-1225:24,1.642e-6,3136.44,1372,4703,0.005,43878793,1.8861851461032335,syp KO,NA
22,20230717_sypn_DAPI_GFP_Phal_Puro_60x_004.tiff:0019-0470-1296:21,1.543e-6,2979.703,2044,4565,0.005,39183088,1.7844708800887734,syp KO,NA
23,20230717_sypn_DAPI_GFP_Phal_Puro_60x_004.tiff:0025-0627-0941:27,1.499e-6,4934.428,3162,7769,0.007,63017578,3.0587448957516243,syp KO,NA
24,20230717_sypn_DAPI_GFP_Phal_Puro_60x_004.tiff:0031-0581-0722:33,1.584e-6,6964.73,4798,10176,0.011,93989037,4.382863894941693,syp KO,NA
25,20230717_sypn_DAPI_GFP_Phal_Puro_60x_004.tiff:0046-0334-0867:48,1.637e-6,2999.861,1955,4728,0.005,41842062,1.7971874232412341,syp KO,NA
26,20230717_sypn_DAPI_GFP_Phal_Puro_60x_004.tiff:0034-0198-1139:36,1.954e-6,2394.558,1456,3774,0.005,39874181,1.4026509886935052,syp KO,NA
27,20230717_sypn_DAPI_GFP_Phal_Puro_60x_004.tiff:0022-0273-1331:24,1.267e-6,2725.138,1722,3963,0.003,29420586,1.618088591881841,syp KO,NA
28,20230717_sypn_DAPI_GFP_Phal_Puro_60x_004.tiff:0031-0085-1022:33,1.246e-6,2732.51,1447,4106,0.003,29013789,1.6230551362387666,syp KO,NA
1,20230717_sypn_DAPI_GFP_Phal_Puro_60x_006.tiff:0023-1849-1389:24,1.698e-6,1300.749,717,2296,0.002,18823133,0.6891033664935259,syp KO,NA
2,20230717_sypn_DAPI_GFP_Phal_Puro_60x_006.tiff:0035-1820-1630:36,1.211e-6,822.774,521,1473,9.966e-4,8491854,0.3772872650888952,syp KO,NA
3,20230717_sypn_DAPI_GFP_Phal_Puro_60x_006.tiff:0041-1939-1669:42,1.153e-6,637.262,365,1068,7.347e-4,6260462,0.25613833123464996,syp KO,NA
4,20230717_sypn_DAPI_GFP_Phal_Puro_60x_006.tiff:0041-1684-1509:42,2.139e-6,863.331,526,2141,0.002,15735075,0.4036222836258362,syp KO,NA
5,20230717_sypn_DAPI_GFP_Phal_Puro_60x_006.tiff:0035-1657-1336:36,2.39e-6,1129.11,682,2121,0.003,22992063,0.5769254843043732,syp KO,NA
6,20230717_sypn_DAPI_GFP_Phal_Puro_60x_006.tiff:0029-1566-1553:30,1.484e-6,1166.85,553,1946,0.002,14757150,0.6017333258521697,syp KO,NA
7,20230717_sypn_DAPI_GFP_Phal_Puro_60x_006.tiff:0035-1408-1539:36,1.191e-6,1004.316,542,2411,0.001,10188785,0.495374004598759,syp KO,NA
8,20230717_sypn_DAPI_GFP_Phal_Puro_60x_006.tiff:0041-1123-1883:42,1.127e-6,931.473,600,1606,0.001,8941211,0.4478211038968248,syp KO,NA
9,20230717_sypn_DAPI_GFP_Phal_Puro_60x_006.tiff:0041-1098-1606:42,1.411e-6,1376.447,878,2287,0.002,16551775,0.7384842501914305,syp KO,NA
10,20230717_sypn_DAPI_GFP_Phal_Puro_60x_006.tiff:0035-1269-1309:36,1.679e-6,1329.33,829,2300,0.002,19014730,0.7074423847908113,syp KO,NA
11,20230717_sypn_DAPI_GFP_Phal_Puro_60x_006.tiff:0029-1069-1386:30,1.588e-6,1418.175,710,2606,0.002,19186488,0.7654035890584306,syp KO,NA
12,20230717_sypn_DAPI_GFP_Phal_Puro_60x_006.tiff:0035-0640-1618:36,1.119e-6,1046.811,676,1825,0.001,9977157,0.5230342351942542,syp KO,NA
13,20230717_sypn_DAPI_GFP_Phal_Puro_60x_006.tiff:0041-0548-1770:42,9.256e-7,830.556,540,1447,7.688e-4,6550592,0.38225284405059623,syp KO,NA
14,20230717_sypn_DAPI_GFP_Phal_Puro_60x_006.tiff:0032-0790-1114:33,1.687e-6,1430.379,813,2556,0.002,20555981,0.7732702596890515,syp KO,NA
15,20230717_sypn_DAPI_GFP_Phal_Puro_60x_006.tiff:0020-0702-1215:21,1.541e-6,1682.537,977,2965,0.003,22093391,0.9380211041279299,syp KO,NA
16,20230717_sypn_DAPI_GFP_Phal_Puro_60x_006.tiff:0023-1286-0830:24,1.687e-6,1422.756,580,2516,0.002,20456382,0.7687506393969171,syp KO,NA
17,20230717_sypn_DAPI_GFP_Phal_Puro_60x_006.tiff:0026-1151-0595:27,1.873e-6,1500.798,859,2602,0.003,23951229,0.8194084688280738,syp KO,NA
18,20230717_sypn_DAPI_GFP_Phal_Puro_60x_006.tiff:0026-0949-0847:27,1.683e-6,1266.16,770,2303,0.002,18156740,0.6663553117793386,syp KO,NA
19,20230717_sypn_DAPI_GFP_Phal_Puro_60x_006.tiff:0032-0794-0915:33,1.615e-6,1380.303,722,2443,0.002,18997115,0.7409639165652531,syp KO,NA
20,20230717_sypn_DAPI_GFP_Phal_Puro_60x_006.tiff:0044-0802-0767:45,1.631e-6,1003.773,656,1914,0.002,13951442,0.4953053968134637,syp KO,NA
21,20230717_sypn_DAPI_GFP_Phal_Puro_60x_006.tiff:0029-0582-0490:30,1.511e-6,1241.486,725,2186,0.002,15989103,0.6505458706228682,syp KO,NA
22,20230717_sypn_DAPI_GFP_Phal_Puro_60x_006.tiff:0038-0456-0390:39,1.222e-6,1199.711,710,2160,0.001,12496186,0.623309038190856,syp KO,NA
23,20230717_sypn_DAPI_GFP_Phal_Puro_60x_006.tiff:0059-0380-0816:60,1.411e-6,888.342,598,1460,0.001,10681426,0.4199919318850473,syp KO,NA
24,20230717_sypn_DAPI_GFP_Phal_Puro_60x_006.tiff:0041-0460-0989:42,1.661e-6,1214.006,735,2137,0.002,17181829,0.6323619211931422,syp KO,NA
25,20230717_sypn_DAPI_GFP_Phal_Puro_60x_006.tiff:0038-0208-0949:39,1.345e-6,1259.967,549,2146,0.002,14443006,0.6625258217015577,syp KO,NA
26,20230717_sypn_DAPI_GFP_Phal_Puro_60x_006.tiff:0041-0220-1303:42,7.153e-7,970.293,669,1485,6.941e-4,5913937,0.4733999550495121,syp KO,NA
27,20230717_sypn_DAPI_GFP_Phal_Puro_60x_006.tiff:0029-0681-0694:30,1.294e-6,1184.602,766,2008,0.002,13056682,0.6129100905028696,syp KO,NA
1,20230722_WT_DAPI_Phal__Puro_60x_001.tiff:0025-1055-0515:27,1.049e-6,1788.089,1192,2627,0.002,15980150,0.9614462722805448,Wildtype,NA
2,20230722_WT_DAPI_Phal__Puro_60x_001.tiff:0022-1799-0787:24,8.357e-7,1613.829,1016,2380,0.001,11492079,0.8479750134812392,Wildtype,NA
3,20230722_WT_DAPI_Phal__Puro_60x_001.tiff:0016-1595-0927:18,7.829e-7,2463.87,1521,3805,0.002,16436475,1.402441085916836,Wildtype,NA
4,20230722_WT_DAPI_Phal__Puro_60x_001.tiff:0013-1550-1082:15,1.02e-6,2406.294,1169,4224,0.002,20917910,1.3651909430421658,Wildtype,NA
5,20230722_WT_DAPI_Phal__Puro_60x_001.tiff:0019-1446-1039:21,7.92e-7,1612.526,841,2680,0.001,10881328,0.8470265065952154,Wildtype,NA
6,20230722_WT_DAPI_Phal__Puro_60x_001.tiff:0025-1439-1216:27,6.2e-7,1202.354,781,1882,7.455e-4,6352038,0.5795635962163107,Wildtype,NA
7,20230722_WT_DAPI_Phal__Puro_60x_001.tiff:0019-1103-0850:21,1.258e-6,1664.902,1112,2510,0.002,17841091,0.8809438219105742,Wildtype,NA
8,20230722_WT_DAPI_Phal__Puro_60x_001.tiff:0010-1158-1271:12,7.117e-7,1684.045,1004,2491,0.001,10212046,0.8937051845738578,Wildtype,NA
9,20230722_WT_DAPI_Phal__Puro_60x_001.tiff:0016-1193-1485:18,6.742e-7,1870.356,936,3025,0.001,10745198,1.0153397341998622,Wildtype,NA
10,20230722_WT_DAPI_Phal__Puro_60x_001.tiff:0025-1228-1297:27,7.342e-7,1232.356,700,2186,9.048e-4,7709619,0.5991216794736551,Wildtype,NA
11,20230722_WT_DAPI_Phal__Puro_60x_001.tiff:0019-0818-0597:21,5.82e-7,1820.671,1176,2919,0.001,9028709,0.9828464215662934,Wildtype,NA
12,20230722_WT_DAPI_Phal__Puro_60x_001.tiff:0025-0635-0946:27,9.984e-7,1570.883,928,2834,0.002,13363503,0.8199166775579041,Wildtype,NA
13,20230722_WT_DAPI_Phal__Puro_60x_001.tiff:0025-0628-1163:27,7.577e-7,1398.933,941,1908,0.001,9031510,0.7077451015405648,Wildtype,NA
14,20230722_WT_DAPI_Phal__Puro_60x_001.tiff:0025-0577-1269:27,9.647e-7,1473.226,931,2402,0.001,12109917,0.7562338233171355,Wildtype,NA
15,20230722_WT_DAPI_Phal__Puro_60x_001.tiff:0022-0438-1362:24,6.421e-7,1656.544,1091,2530,0.001,9062951,0.8757719234308644,Wildtype,NA
16,20230722_WT_DAPI_Phal__Puro_60x_001.tiff:0013-0611-1399:15,7.402e-7,2692.779,1348,3804,0.002,16983355,1.55171407081471,Wildtype,NA
17,20230722_WT_DAPI_Phal__Puro_60x_001.tiff:0022-1021-1089:24,6.416e-7,1208.033,755,2360,7.751e-4,6604319,0.583260497703956,Wildtype,NA
18,20230722_WT_DAPI_Phal__Puro_60x_001.tiff:0019-0932-1252:21,5.874e-7,1671.817,1006,2860,9.82e-4,8367445,0.8857495818787561,Wildtype,NA
19,20230722_WT_DAPI_Phal__Puro_60x_001.tiff:0013-0530-0441:15,8.01e-7,2494.546,1282,3797,0.002,17025277,1.4223968784974537,Wildtype,NA
20,20230722_WT_DAPI_Phal__Puro_60x_001.tiff:0028-0751-0415:30,1.428e-6,1472.694,795,2261,0.002,17918266,0.7558331477656431,Wildtype,NA
21,20230722_WT_DAPI_Phal__Puro_60x_001.tiff:0034-0612-0549:36,7.386e-7,1296.927,807,2046,9.579e-4,8161563,0.641175119580813,Wildtype,NA
22,20230722_WT_DAPI_Phal__Puro_60x_001.tiff:0040-0346-0242:42,7.168e-7,1184.551,755,1688,8.491e-4,7235235,0.5679716579681124,Wildtype,NA
23,20230722_WT_DAPI_Phal__Puro_60x_001.tiff:0034-0342-0337:36,7.218e-7,1488.254,936,2157,0.001,9152760,0.7659886788366229,Wildtype,NA
24,20230722_WT_DAPI_Phal__Puro_60x_001.tiff:0031-0333-0557:33,7.011e-7,1307.667,812,1946,9.168e-4,7812002,0.6482523304960407,Wildtype,NA
25,20230722_WT_DAPI_Phal__Puro_60x_001.tiff:0025-0322-0888:27,5.924e-7,1757.616,1056,2732,0.001,8872448,0.9418046785839257,Wildtype,NA
26,20230722_WT_DAPI_Phal__Puro_60x_001.tiff:0025-0102-1383:27,9.388e-7,1444.798,625,2241,0.001,11556938,0.7376537221230899,Wildtype,NA
27,20230722_WT_DAPI_Phal__Puro_60x_001.tiff:0037-0174-1353:39,8.63e-7,1224.03,863,1746,0.001,9000293,0.5936381583801296,Wildtype,NA
28,20230722_WT_DAPI_Phal__Puro_60x_001.tiff:0031-0164-1260:33,6.802e-7,1406.689,669,1967,9.569e-4,8153172,0.7128584590210343,Wildtype,NA
1,20230722_WT_DAPI_Phal__Puro_60x_002.tiff:0025-1224-0804:27,1.038e-6,1697.987,989,2549,0.002,15022093,0.9031475473939509,Wildtype,NA
2,20230722_WT_DAPI_Phal__Puro_60x_002.tiff:0034-1606-1000:36,8.806e-7,1169.535,824,1613,0.001,8775024,0.5580982503430112,Wildtype,NA
3,20230722_WT_DAPI_Phal__Puro_60x_002.tiff:0034-1686-1057:36,8.404e-7,1050.503,643,1711,8.829e-4,7522655,0.4805083815436525,Wildtype,NA
4,20230722_WT_DAPI_Phal__Puro_60x_002.tiff:0028-1539-1272:30,9.598e-7,1101.303,701,1975,0.001,9006454,0.513609786759879,Wildtype,NA
5,20230722_WT_DAPI_Phal__Puro_60x_002.tiff:0034-1629-1406:36,8.597e-7,755.895,498,1317,6.498e-4,5536929,0.28830354979005557,Wildtype,NA
6,20230722_WT_DAPI_Phal__Puro_60x_002.tiff:0046-1284-1221:48,9.656e-7,1020.954,724,1457,9.859e-4,8400406,0.461247321674186,Wildtype,NA
7,20230722_WT_DAPI_Phal__Puro_60x_002.tiff:0022-0994-0896:24,8.681e-7,1853.833,1146,2721,0.002,13712801,1.0045179764977479,Wildtype,NA
8,20230722_WT_DAPI_Phal__Puro_60x_002.tiff:0022-1010-1104:24,8.848e-7,1810.829,1116,2693,0.002,13651841,0.9764198134909781,Wildtype,NA
9,20230722_WT_DAPI_Phal__Puro_60x_002.tiff:0025-1398-1298:27,9.703e-7,1647.522,910,2518,0.002,13621709,0.8699622830450832,Wildtype,NA
10,20230722_WT_DAPI_Phal__Puro_60x_002.tiff:0022-1181-1304:24,1.181e-6,1883.782,1268,2958,0.002,18954613,1.0239082314420536,Wildtype,NA
11,20230722_WT_DAPI_Phal__Puro_60x_002.tiff:0022-1134-1548:24,6.367e-7,1743.832,1002,3240,0.001,9460286,0.932709149852792,Wildtype,NA
12,20230722_WT_DAPI_Phal__Puro_60x_002.tiff:0022-0947-1665:24,7.202e-7,1713.464,1051,2669,0.001,10515530,0.9129995883238626,Wildtype,NA
13,20230722_WT_DAPI_Phal__Puro_60x_002.tiff:0022-0870-1422:24,8.404e-7,1727.675,1002,2569,0.001,12371881,0.9222297772637073,Wildtype,NA
14,20230722_WT_DAPI_Phal__Puro_60x_002.tiff:0019-0731-1139:21,9.47e-7,1893.452,779,2669,0.002,15278265,1.0303158375693777,Wildtype,NA
15,20230722_WT_DAPI_Phal__Puro_60x_002.tiff:0028-0716-1048:30,7.652e-7,1404.909,954,2041,0.001,9160009,0.7116569576119169,Wildtype,NA
16,20230722_WT_DAPI_Phal__Puro_60x_002.tiff:0037-0563-0749:39,9.313e-7,1175.286,770,1788,0.001,9325896,0.5618511316763126,Wildtype,NA
17,20230722_WT_DAPI_Phal__Puro_60x_002.tiff:0028-0459-0914:30,6.313e-7,1380.927,986,1946,8.718e-4,7428005,0.6959992941365118,Wildtype,NA
18,20230722_WT_DAPI_Phal__Puro_60x_002.tiff:0031-0482-1091:33,1.068e-6,1204.816,826,1755,0.001,10962624,0.5810492316316225,Wildtype,NA
19,20230722_WT_DAPI_Phal__Puro_60x_002.tiff:0019-0544-1238:21,6.96e-7,1801.556,1029,3197,0.001,10683229,0.970308671511094,Wildtype,NA
20,20230722_WT_DAPI_Phal__Puro_60x_002.tiff:0025-0420-1305:27,7.7e-7,1610.458,991,2382,0.001,10566213,0.84574838127201,Wildtype,NA
21,20230722_WT_DAPI_Phal__Puro_60x_002.tiff:0034-0307-1053:36,1.056e-6,1233.824,772,1746,0.001,11098248,0.5998104765954263,Wildtype,NA
22,20230722_WT_DAPI_Phal__Puro_60x_002.tiff:0025-0336-0936:27,7.975e-7,1615.03,894,2326,0.001,10974129,0.8486810320281539,Wildtype,NA
23,20230722_WT_DAPI_Phal__Puro_60x_002.tiff:0022-0330-0535:24,9.718e-7,1785.874,881,3073,0.002,14787037,0.9601014784302568,Wildtype,NA
24,20230722_WT_DAPI_Phal__Puro_60x_002.tiff:0019-0413-0626:21,8.297e-7,2490.104,1790,3293,0.002,17605034,1.419604702893664,Wildtype,NA
25,20230722_WT_DAPI_Phal__Puro_60x_002.tiff:0028-0225-0975:30,8.074e-7,1290.415,658,1792,0.001,8878058,0.6370271816727443,Wildtype,NA
26,20230722_WT_DAPI_Phal__Puro_60x_002.tiff:0040-0261-0602:42,9.95e-7,1128.916,744,1666,0.001,9570947,0.5316276280758206,Wildtype,NA
27,20230722_WT_DAPI_Phal__Puro_60x_002.tiff:0046-0139-0551:48,7.083e-7,1407.08,747,2701,9.966e-4,8491730,0.7130464338440066,Wildtype,NA
1,20230722_WT_DAPI_Phal__Puro_60x_003.tiff:0035-1193-0933:36,1.198e-6,1829.166,1066,3490,0.002,18672125,0.9884221774590187,Wildtype,NA
2,20230722_WT_DAPI_Phal__Puro_60x_003.tiff:0038-1217-1078:39,1.116e-6,1503.579,990,2391,0.002,14300539,0.7762190299424573,Wildtype,NA
3,20230722_WT_DAPI_Phal__Puro_60x_003.tiff:0047-1506-1153:48,1.144e-6,1285.699,811,2815,0.001,12527855,0.6335869994513751,Wildtype,NA
4,20230722_WT_DAPI_Phal__Puro_60x_003.tiff:0056-1378-1068:57,1.442e-6,1283.651,848,2206,0.002,15774792,0.6327143477891086,Wildtype,NA
5,20230722_WT_DAPI_Phal__Puro_60x_003.tiff:0029-1289-1123:30,9.402e-7,1919.834,1070,3039,0.002,15379790,1.0475147430084615,Wildtype,NA
6,20230722_WT_DAPI_Phal__Puro_60x_003.tiff:0026-1417-1241:27,9.437e-7,2103.371,1136,3183,0.002,16913210,1.1672614539312856,Wildtype,NA
7,20230722_WT_DAPI_Phal__Puro_60x_003.tiff:0029-1705-1595:30,7.763e-7,1557.783,971,2570,0.001,10304737,0.8114384069519112,Wildtype,NA
8,20230722_WT_DAPI_Phal__Puro_60x_003.tiff:0044-1810-1487:45,9.965e-7,1113.375,765,1676,0.001,9453665,0.5215093791725665,Wildtype,NA
9,20230722_WT_DAPI_Phal__Puro_60x_003.tiff:0032-1434-1865:33,1.006e-6,1040.395,563,1779,0.001,8921384,0.47414650787883716,Wildtype,NA
10,20230722_WT_DAPI_Phal__Puro_60x_003.tiff:0029-1169-1729:30,1.148e-6,1472.872,871,2252,0.002,14404692,0.7558205772206141,Wildtype,NA
11,20230722_WT_DAPI_Phal__Puro_60x_003.tiff:0032-1032-1500:33,1.095e-6,1554.659,981,2446,0.002,14501859,0.8091064777136339,Wildtype,NA
12,20230722_WT_DAPI_Phal__Puro_60x_003.tiff:0029-1030-1026:30,7.936e-7,2081.584,1098,3003,0.002,14075673,1.1530418522310593,Wildtype,NA
13,20230722_WT_DAPI_Phal__Puro_60x_003.tiff:0017-0909-0690:18,8.525e-7,3972.977,2655,5282,0.003,28859707,2.386811314018581,Wildtype,NA
14,20230722_WT_DAPI_Phal__Puro_60x_003.tiff:0038-0900-0751:39,6.755e-7,1789.679,1215,2618,0.001,10301390,0.962695880508162,Wildtype,NA
15,20230722_WT_DAPI_Phal__Puro_60x_003.tiff:0044-0743-0929:45,1.144e-6,1384.158,788,2319,0.002,13488623,0.6978786476659757,Wildtype,NA
16,20230722_WT_DAPI_Phal__Puro_60x_003.tiff:0041-0674-0824:42,6.658e-7,1413.557,957,2188,9.411e-4,8019108,0.7172898206920831,Wildtype,NA
17,20230722_WT_DAPI_Phal__Puro_60x_003.tiff:0026-0666-0888:27,8.664e-7,2137.629,1313,3216,0.002,15779975,1.189541117148183,Wildtype,NA
18,20230722_WT_DAPI_Phal__Puro_60x_003.tiff:0029-0718-1047:30,1.116e-6,2111.917,1157,3143,0.002,20077995,1.1725285513815238,Wildtype,NA
19,20230722_WT_DAPI_Phal__Puro_60x_003.tiff:0029-0581-1093:30,7.968e-7,1893.302,901,2828,0.002,12853626,1.0301801215176145,Wildtype,NA
20,20230722_WT_DAPI_Phal__Puro_60x_003.tiff:0029-0588-1363:30,9.531e-7,1712.666,987,2573,0.002,13908558,0.9123964444583876,Wildtype,NA
21,20230722_WT_DAPI_Phal__Puro_60x_003.tiff:0053-0632-0480:54,1.003e-6,1370.582,881,2151,0.001,11717104,0.6895576041960253,Wildtype,NA
22,20230722_WT_DAPI_Phal__Puro_60x_003.tiff:0041-0375-0545:42,7.356e-7,1869.472,1162,2983,0.001,11717850,1.0147233516395775,Wildtype,NA
23,20230722_WT_DAPI_Phal__Puro_60x_003.tiff:0041-0416-0850:42,7.374e-7,1671.124,904,2859,0.001,10499671,0.8852817268095731,Wildtype,NA
24,20230722_WT_DAPI_Phal__Puro_60x_003.tiff:0041-0398-0932:42,8.15e-7,1614.245,1018,2615,0.001,11209316,0.8481527124345098,Wildtype,NA
25,20230722_WT_DAPI_Phal__Puro_60x_003.tiff:0041-0425-1190:42,7.961e-7,1492.428,1033,2148,0.001,10123142,0.7687026420927237,Wildtype,NA
26,20230722_WT_DAPI_Phal__Puro_60x_003.tiff:0038-0328-1153:39,1.227e-6,1605.776,1033,2448,0.002,16788387,0.8426948705703375,Wildtype,NA
27,20230722_WT_DAPI_Phal__Puro_60x_003.tiff:0032-0239-1214:33,6.274e-7,1964.647,832,2766,0.001,10503003,1.0767980077917643,Wildtype,NA
28,20230722_WT_DAPI_Phal__Puro_60x_003.tiff:0047-0092-1279:48,5.428e-7,1034.338,652,1469,5.614e-4,4783814,0.4699392870046145,Wildtype,NA
1,20230722_WT_DAPI_Phal__Puro_60x_004.tiff:0011-1944-1084:12,8.557e-7,1157.043,512,1916,9.901e-4,8435997,0.5499658606981856,Wildtype,NA
2,20230722_WT_DAPI_Phal__Puro_60x_004.tiff:0014-1870-1142:15,8.38e-7,1167.609,640,2356,9.784e-4,8336731,0.5568383694606459,Wildtype,NA
3,20230722_WT_DAPI_Phal__Puro_60x_004.tiff:0017-1552-0669:18,8.031e-7,1307.785,806,1992,0.001,8949173,0.6483130210607151,Wildtype,NA
4,20230722_WT_DAPI_Phal__Puro_60x_004.tiff:0029-1585-1210:30,1.074e-6,1004.338,614,1671,0.001,9189697,0.45028800466898816,Wildtype,NA
5,20230722_WT_DAPI_Phal__Puro_60x_004.tiff:0020-1334-1208:21,1.209e-6,1253.293,770,1908,0.002,12906407,0.6124853568474087,Wildtype,NA
6,20230722_WT_DAPI_Phal__Puro_60x_004.tiff:0029-1239-0975:30,1.051e-6,891.651,647,1373,9.371e-4,7984732,0.37685504671908737,Wildtype,NA
7,20230722_WT_DAPI_Phal__Puro_60x_004.tiff:0020-1151-1122:21,1.159e-6,1033.1,584,1602,0.001,10205998,0.4693765267278856,Wildtype,NA
8,20230722_WT_DAPI_Phal__Puro_60x_004.tiff:0017-1176-0735:18,8.263e-7,1135.696,654,2248,9.385e-4,7996433,0.5360948475128124,Wildtype,NA
9,20230722_WT_DAPI_Phal__Puro_60x_004.tiff:0035-1260-0682:36,8.712e-7,840.594,601,1416,7.323e-4,6239731,0.34355102050028685,Wildtype,NA
10,20230722_WT_DAPI_Phal__Puro_60x_004.tiff:0032-1192-0303:33,8.97e-7,676.016,460,1112,6.064e-4,5166791,0.23621253810693685,Wildtype,NA
11,20230722_WT_DAPI_Phal__Puro_60x_004.tiff:0035-0992-1226:36,8.556e-7,791.638,497,1315,6.773e-4,5771041,0.3116128558831386,Wildtype,NA
12,20230722_WT_DAPI_Phal__Puro_60x_004.tiff:0038-0683-1296:39,8.685e-7,799.622,506,1344,6.944e-4,5917202,0.3168265860217763,Wildtype,NA
13,20230722_WT_DAPI_Phal__Puro_60x_004.tiff:0029-0689-0914:30,8.975e-7,828.788,554,1209,7.438e-4,6337741,0.33584398844286695,Wildtype,NA
14,20230722_WT_DAPI_Phal__Puro_60x_004.tiff:0029-0673-1117:30,7.871e-7,912.744,632,1405,7.185e-4,6121773,0.39066209264181956,Wildtype,NA
15,20230722_WT_DAPI_Phal__Puro_60x_004.tiff:0035-0617-1164:36,7.837e-7,806.185,541,1219,6.318e-4,5383706,0.3211497030654953,Wildtype,NA
16,20230722_WT_DAPI_Phal__Puro_60x_004.tiff:0053-0473-1078:54,8.604e-7,637.913,443,981,5.488e-4,4676541,0.21135051889098835,Wildtype,NA
17,20230722_WT_DAPI_Phal__Puro_60x_004.tiff:0041-0477-0794:42,8.34e-7,769.057,532,1348,6.414e-4,5464919,0.2968870087160012,Wildtype,NA
18,20230722_WT_DAPI_Phal__Puro_60x_004.tiff:0020-0579-0960:21,7.38e-7,1041.128,655,1641,7.683e-4,6546610,0.4743432725298012,Wildtype,NA
19,20230722_WT_DAPI_Phal__Puro_60x_004.tiff:0020-0895-0540:21,7.998e-7,1017.605,684,1471,8.139e-4,6934977,0.459043679975096,Wildtype,NA
20,20230722_WT_DAPI_Phal__Puro_60x_004.tiff:0014-0647-0549:15,8.719e-7,1254.524,718,1976,0.001,9319860,0.6135466915022934,Wildtype,NA
21,20230722_WT_DAPI_Phal__Puro_60x_004.tiff:0017-0559-0428:18,7.109e-7,1114.989,730,1705,7.926e-4,6753490,0.5225081319813206,Wildtype,NA
22,20230722_WT_DAPI_Phal__Puro_60x_004.tiff:0026-0427-0590:27,8.644e-7,1071.021,686,1823,9.258e-4,7888069,0.4938443361198612,Wildtype,NA
23,20230722_WT_DAPI_Phal__Puro_60x_004.tiff:0026-0404-0389:27,6.538e-7,858.977,530,1420,5.616e-4,4785362,0.35557595611888276,Wildtype,NA
24,20230722_WT_DAPI_Phal__Puro_60x_004.tiff:0044-0230-0467:45,1.022e-6,710.938,502,1037,7.267e-4,6192268,0.25909357013007556,Wildtype,NA
25,20230722_WT_DAPI_Phal__Puro_60x_004.tiff:0053-0323-0409:54,6.874e-7,686.237,471,1046,4.717e-4,4019288,0.24287329150368878,Wildtype,NA
26,20230722_WT_DAPI_Phal__Puro_60x_004.tiff:0056-0359-1166:57,8.952e-7,661.423,451,1218,5.921e-4,5045335,0.22671286695151835,Wildtype,NA
27,20230722_WT_DAPI_Phal__Puro_60x_004.tiff:0038-0265-1096:39,8.918e-7,797.564,567,1229,7.113e-4,6060692,0.3155170056044651,Wildtype,NA
28,20230722_WT_DAPI_Phal__Puro_60x_004.tiff:0041-0262-1399:42,8.104e-7,779.27,539,1180,6.315e-4,5380861,0.3035546735430666,Wildtype,NA
29,20230722_WT_DAPI_Phal__Puro_60x_004.tiff:0029-0077-1063:30,7.749e-7,914.017,624,1401,7.083e-4,6035252,0.39148858541745246,Wildtype,NA
1,20230722_WT_DAPI_Phal__Puro_60x_005.tiff:0028-1906-0575:30,6.515e-7,727.376,485,1168,4.739e-4,4037662,0.2696973169691255,Wildtype,NA
2,20230722_WT_DAPI_Phal__Puro_60x_005.tiff:0037-1663-0880:39,9.37e-7,1160.301,702,2092,0.001,9263840,0.5521177988003969,Wildtype,NA
3,20230722_WT_DAPI_Phal__Puro_60x_005.tiff:0019-1625-0584:21,6.552e-7,1341.753,892,1932,8.792e-4,7491007,0.6705038022796165,Wildtype,NA
4,20230722_WT_DAPI_Phal__Puro_60x_005.tiff:0019-1521-0473:21,1.047e-6,1088.649,709,1632,0.001,9711839,0.5053570028915396,Wildtype,NA
5,20230722_WT_DAPI_Phal__Puro_60x_005.tiff:0019-1582-0955:21,1.074e-6,1933.615,1158,2873,0.002,17688713,1.0560840304681767,Wildtype,NA
6,20230722_WT_DAPI_Phal__Puro_60x_005.tiff:0010-1534-0811:12,5.786e-7,2005.238,1272,3025,0.001,9885823,1.1032273635444194,Wildtype,NA
7,20230722_WT_DAPI_Phal__Puro_60x_005.tiff:0053-1766-1014:54,1.247e-6,1062.673,694,1477,0.001,11293024,0.4885368604265016,Wildtype,NA
8,20230722_WT_DAPI_Phal__Puro_60x_005.tiff:0041-1342-0787:42,9.178e-7,1096.658,772,1627,0.001,8575864,0.5105673916390677,Wildtype,NA
9,20230722_WT_DAPI_Phal__Puro_60x_005.tiff:0044-1190-0672:45,1.219e-6,1034.747,678,1606,0.001,10746882,0.4701635387495311,Wildtype,NA
10,20230722_WT_DAPI_Phal__Puro_60x_005.tiff:0035-1056-0989:36,7.164e-7,1056.201,719,1595,7.566e-4,6447052,0.4841795490760185,Wildtype,NA
11,20230722_WT_DAPI_Phal__Puro_60x_005.tiff:0041-1085-1061:42,6.603e-7,1013.997,723,1521,6.695e-4,5704745,0.4566504010025362,Wildtype,NA
12,20230722_WT_DAPI_Phal__Puro_60x_005.tiff:0041-0952-1093:42,9.432e-7,1034.455,704,1582,9.757e-4,8313914,0.47004382917652393,Wildtype,NA
13,20230722_WT_DAPI_Phal__Puro_60x_005.tiff:0035-0911-1192:36,9.314e-7,1109.633,724,1746,0.001,8806045,0.5190415999051817,Wildtype,NA
14,20230722_WT_DAPI_Phal__Puro_60x_005.tiff:0023-0955-0792:24,8.401e-7,1261.85,820,1948,0.001,9032324,0.6183196211667049,Wildtype,NA
15,20230722_WT_DAPI_Phal__Puro_60x_005.tiff:0017-1049-0668:18,8.342e-7,1603.077,1161,2358,0.001,11394674,0.8409292549882896,Wildtype,NA
16,20230722_WT_DAPI_Phal__Puro_60x_005.tiff:0020-1160-0583:21,8.64e-7,1398.421,942,2241,0.001,10295173,0.7074443334452549,Wildtype,NA
17,20230722_WT_DAPI_Phal__Puro_60x_005.tiff:0011-1040-0478:12,9.613e-7,1757.265,1031,2866,0.002,14393759,0.9415060572361007,Wildtype,NA
18,20230722_WT_DAPI_Phal__Puro_60x_005.tiff:0014-0797-0226:15,7.833e-7,1264.193,829,1931,9.902e-4,8437222,0.6198425147692477,Wildtype,NA
19,20230722_WT_DAPI_Phal__Puro_60x_005.tiff:0023-0883-0261:24,7.585e-7,977.076,643,1789,7.411e-4,6314843,0.43259820756082656,Wildtype,NA
20,20230722_WT_DAPI_Phal__Puro_60x_005.tiff:0023-0569-0683:24,7.118e-7,1082.627,678,1603,7.706e-4,6566130,0.5014383274300479,Wildtype,NA
21,20230722_WT_DAPI_Phal__Puro_60x_005.tiff:0035-0690-1176:36,1.222e-6,1148.647,772,1937,0.001,11960858,0.5445569625591057,Wildtype,NA
22,20230722_WT_DAPI_Phal__Puro_60x_005.tiff:0038-0809-1163:39,9.164e-7,1138.521,700,1702,0.001,8889575,0.5378665380394616,Wildtype,NA
23,20230722_WT_DAPI_Phal__Puro_60x_005.tiff:0041-0500-1188:42,7.823e-7,927.894,655,1319,7.259e-4,6185343,0.4005360488266741,Wildtype,NA
24,20230722_WT_DAPI_Phal__Puro_60x_005.tiff:0035-0365-1108:36,8.652e-7,919.609,622,1516,7.956e-4,6779358,0.39509955082618725,Wildtype,NA
25,20230722_WT_DAPI_Phal__Puro_60x_005.tiff:0038-0382-0633:39,9.939e-7,812.406,551,1414,8.075e-4,6880267,0.32519886550253546,Wildtype,NA
26,20230722_WT_DAPI_Phal__Puro_60x_005.tiff:0041-0218-0752:42,8.558e-7,830.08,517,1308,7.104e-4,6052947,0.3367092239058845,Wildtype,NA
27,20230722_WT_DAPI_Phal__Puro_60x_005.tiff:0035-0226-0540:36,8.435e-7,844.911,591,1290,7.127e-4,6072374,0.34636779330711975,Wildtype,NA
28,20230722_WT_DAPI_Phal__Puro_60x_005.tiff:0029-0140-1307:30,7.715e-7,995.651,720,1383,7.682e-4,6545407,0.4447368729896664,Wildtype,NA
29,20230722_WT_DAPI_Phal__Puro_60x_005.tiff:0029-0069-1228:30,8.133e-7,973.444,544,1344,7.917e-4,6745968,0.4302348001813547,Wildtype,NA
30,20230722_WT_DAPI_Phal__Puro_60x_005.tiff:0020-0503-0260:21,7.05e-7,1065.561,695,1543,7.512e-4,6400822,0.49029958234528875,Wildtype,NA
31,20230722_WT_DAPI_Phal__Puro_60x_005.tiff:0020-0466-0550:21,7.254e-7,1341.862,832,1864,9.734e-4,8294050,0.6705497200419728,Wildtype,NA
1,20230722_WT_DAPI_Phal__Puro_60x_006.tiff:0023-1600-1442:24,1.678e-6,1117.493,711,1802,0.002,15982385,0.5244026411706668,Wildtype,NA
2,20230722_WT_DAPI_Phal__Puro_60x_006.tiff:0026-1644-1551:27,8.657e-7,1198.057,625,2272,0.001,8836870,0.5766968003425682,Wildtype,NA
3,20230722_WT_DAPI_Phal__Puro_60x_006.tiff:0035-1834-1512:36,7.789e-7,806.822,509,1469,6.285e-4,5354878,0.32155719436110536,Wildtype,NA
4,20230722_WT_DAPI_Phal__Puro_60x_006.tiff:0041-1810-1199:42,1.128e-6,878.856,568,1810,9.915e-4,8448439,0.3686240494721607,Wildtype,NA
5,20230722_WT_DAPI_Phal__Puro_60x_006.tiff:0023-1517-1009:24,9.994e-7,1098.849,640,1908,0.001,9357794,0.5120583793672066,Wildtype,NA
6,20230722_WT_DAPI_Phal__Puro_60x_006.tiff:0020-1338-1296:21,1.137e-6,1195.112,747,1995,0.001,11581829,0.5750532948056134,Wildtype,NA
7,20230722_WT_DAPI_Phal__Puro_60x_006.tiff:0020-1167-1682:21,7.198e-7,1111.348,767,1612,7.999e-4,6815899,0.5201534475636526,Wildtype,NA
8,20230722_WT_DAPI_Phal__Puro_60x_006.tiff:0011-1111-1394:12,9.854e-7,1553.683,829,2460,0.002,13044726,0.8086696635890287,Wildtype,NA
9,20230722_WT_DAPI_Phal__Puro_60x_006.tiff:0032-1072-0970:33,9.822e-7,1087.073,739,1614,0.001,9097712,0.5043398482231367,Wildtype,NA
10,20230722_WT_DAPI_Phal__Puro_60x_006.tiff:0032-1104-1042:33,8.547e-7,1099.521,722,1930,9.398e-4,8007810,0.5124974123381081,Wildtype,NA
11,20230722_WT_DAPI_Phal__Puro_60x_006.tiff:0020-0870-0955:21,7.073e-7,1345.983,899,2073,9.521e-4,8112240,0.6732708051501761,Wildtype,NA
12,20230722_WT_DAPI_Phal__Puro_60x_006.tiff:0035-0692-1359:36,1.092e-6,882.883,595,1365,9.638e-4,8212577,0.3709913752469198,Wildtype,NA
13,20230722_WT_DAPI_Phal__Puro_60x_006.tiff:0023-0739-0868:24,6.965e-7,1187.777,823,1954,8.273e-4,7049455,0.5700736076134016,Wildtype,NA
14,20230722_WT_DAPI_Phal__Puro_60x_006.tiff:0020-0698-0644:21,9.246e-7,1544.071,942,2277,0.001,12164193,0.8024051242193035,Wildtype,NA
15,20230722_WT_DAPI_Phal__Puro_60x_006.tiff:0035-0555-0594:36,9.118e-7,1193.439,779,1852,0.001,9271825,0.5737059296403674,Wildtype,NA
16,20230722_WT_DAPI_Phal__Puro_60x_006.tiff:0041-0450-0825:42,1.021e-6,1058.509,647,1573,0.001,9212201,0.48597768161827665,Wildtype,NA
17,20230722_WT_DAPI_Phal__Puro_60x_006.tiff:0047-0409-0545:48,9.72e-7,1041.743,700,1485,0.001,8627713,0.47476451941409503,Wildtype,NA
18,20230722_WT_DAPI_Phal__Puro_60x_006.tiff:0050-0488-1038:51,1.001e-6,890.884,637,1378,8.915e-4,7596571,0.376220487474828,Wildtype,NA
19,20230722_WT_DAPI_Phal__Puro_60x_006.tiff:0038-0448-1458:39,7.165e-7,953.261,662,1386,6.83e-4,5819661,0.41705109504276117,Wildtype,NA
20,20230722_WT_DAPI_Phal__Puro_60x_006.tiff:0017-0989-1084:18,7.002e-7,1530.327,743,2624,0.001,9129929,0.7934378778612108,Wildtype,NA
21,20230722_WT_DAPI_Phal__Puro_60x_006.tiff:0023-0387-0939:24,8.757e-7,1358.869,768,2363,0.001,10139877,0.6816810457073103,Wildtype,NA
22,20230722_WT_DAPI_Phal__Puro_60x_006.tiff:0020-0313-0997:21,6.7e-7,1592.614,652,2346,0.001,9092232,0.8341231217699777,Wildtype,NA
23,20230722_WT_DAPI_Phal__Puro_60x_006.tiff:0044-0519-1578:45,7.451e-7,869.541,543,1326,6.479e-4,5520716,0.362470079718327,Wildtype,NA
1,20230722_sypN_DAPI_Phal__Puro_60x_001.tiff:0023-1805-0300:24,9.685e-7,469.94,295,804,4.551e-4,3877942,0.1017848352577072,syp KO,NA
2,20230722_sypN_DAPI_Phal__Puro_60x_001.tiff:0026-1655-0347:27,1.086e-6,520.805,351,861,5.657e-4,4820052,0.13503051853733575,syp KO,NA
3,20230722_sypN_DAPI_Phal__Puro_60x_001.tiff:0023-1705-0716:24,1.184e-6,759.943,461,1201,9e-4,7668583,0.291082998069464,syp KO,NA
4,20230722_sypN_DAPI_Phal__Puro_60x_001.tiff:0020-1627-0898:21,1.795e-6,839.135,463,1395,0.002,12833726,0.342592761958642,syp KO,NA
5,20230722_sypN_DAPI_Phal__Puro_60x_001.tiff:0029-1427-0580:30,1.328e-6,737.734,463,1258,9.794e-4,8345246,0.27632565458365826,syp KO,NA
6,20230722_sypN_DAPI_Phal__Puro_60x_001.tiff:0032-1261-0484:33,1.092e-6,873.028,584,1301,9.536e-4,8125272,0.3648709931972884,syp KO,NA
7,20230722_sypN_DAPI_Phal__Puro_60x_001.tiff:0032-1127-0501:33,1.369e-6,917.185,441,1451,0.001,10698963,0.3935355851749211,syp KO,NA
8,20230722_sypN_DAPI_Phal__Puro_60x_001.tiff:0038-1499-1140:39,1.718e-6,647.688,402,1098,0.001,9482806,0.21780907962870816,syp KO,NA
9,20230722_sypN_DAPI_Phal__Puro_60x_001.tiff:0020-1393-0970:21,2.1e-6,723.427,420,1282,0.002,12942833,0.26707675621667315,syp KO,NA
10,20230722_sypN_DAPI_Phal__Puro_60x_001.tiff:0023-1218-1116:24,1.407e-6,796.715,492,1285,0.001,9553412,0.315049619406685,syp KO,NA
11,20230722_sypN_DAPI_Phal__Puro_60x_001.tiff:0035-1166-0786:36,1.259e-6,848.504,500,1438,0.001,9103595,0.3488016718942847,syp KO,NA
12,20230722_sypN_DAPI_Phal__Puro_60x_001.tiff:0026-0933-0464:27,1.108e-6,920.652,574,1525,0.001,8694638,0.39598372352497024,syp KO,NA
13,20230722_sypN_DAPI_Phal__Puro_60x_001.tiff:0020-0921-0595:21,9.808e-7,1121.072,623,2164,0.001,9368795,0.5265104427592222,syp KO,NA
14,20230722_sypN_DAPI_Phal__Puro_60x_001.tiff:0023-0906-0749:24,1.102e-6,1077.613,643,1712,0.001,10123099,0.4984857822764358,syp KO,NA
15,20230722_sypN_DAPI_Phal__Puro_60x_001.tiff:0035-0950-1356:36,1.848e-6,792.135,518,1270,0.001,12472162,0.3119177820336227,syp KO,NA
16,20230722_sypN_DAPI_Phal__Puro_60x_001.tiff:0026-0755-1116:27,1.489e-6,961.865,518,1591,0.001,12207028,0.4228532147861415,syp KO,NA
17,20230722_sypN_DAPI_Phal__Puro_60x_001.tiff:0029-0726-1370:30,1.424e-6,930.652,560,1429,0.001,11292533,0.4023378781070847,syp KO,NA
18,20230722_sypN_DAPI_Phal__Puro_60x_001.tiff:0035-0992-1841:36,1.404e-6,720.188,388,1175,0.001,8614887,0.26498728818646017,syp KO,NA
19,20230722_sypN_DAPI_Phal__Puro_60x_001.tiff:0032-0551-1415:33,1.463e-6,842.851,446,1367,0.001,10508670,0.3451382702879105,syp KO,NA
20,20230722_sypN_DAPI_Phal__Puro_60x_001.tiff:0032-0544-1738:33,1.076e-6,755.816,464,1167,8.133e-4,6930074,0.2883076060075207,syp KO,NA
21,20230722_sypN_DAPI_Phal__Puro_60x_001.tiff:0026-0447-1203:27,1.018e-6,942.907,584,1494,9.594e-4,8175007,0.4100168427030816,syp KO,NA
22,20230722_sypN_DAPI_Phal__Puro_60x_001.tiff:0041-0222-1552:42,1.116e-6,633.334,412,957,7.068e-4,6022369,0.2083708990192212,syp KO,NA
23,20230722_sypN_DAPI_Phal__Puro_60x_001.tiff:0023-0142-0620:24,8.8e-7,901.986,569,1478,7.937e-4,6763088,0.3835960030391066,syp KO,NA
24,20230722_sypN_DAPI_Phal__Puro_60x_001.tiff:0056-0057-0756:57,1.051e-6,761.114,515,1128,8.002e-4,6818056,0.29187644075945546,syp KO,NA
25,20230722_sypN_DAPI_Phal__Puro_60x_001.tiff:0041-0364-1491:42,1.202e-6,581.955,387,1043,6.998e-4,5962715,0.17501473329131537,syp KO,NA
26,20230722_sypN_DAPI_Phal__Puro_60x_001.tiff:0023-0636-0544:24,1.425e-6,928.974,537,1443,0.001,11280530,0.4012670417306052,syp KO,NA
1,20230722_sypN_DAPI_Phal__Puro_60x_002.tiff:0023-1931-0807:24,1.274e-6,597.835,378,1008,7.618e-4,6490697,0.18527874299098368,syp KO,NA
2,20230722_sypN_DAPI_Phal__Puro_60x_002.tiff:0026-1825-1608:27,1.301e-6,472.398,314,770,6.145e-4,5236062,0.10335982907390626,syp KO,NA
3,20230722_sypN_DAPI_Phal__Puro_60x_002.tiff:0038-1726-1360:39,1.178e-6,535.244,385,961,6.303e-4,5370635,0.14427500274183858,syp KO,NA
4,20230722_sypN_DAPI_Phal__Puro_60x_002.tiff:0026-1698-0969:27,1.593e-6,821.484,484,1284,0.001,11150002,0.33108420395394744,syp KO,NA
5,20230722_sypN_DAPI_Phal__Puro_60x_002.tiff:0029-1784-0739:30,1.587e-6,715.318,427,1136,0.001,9671816,0.26180594684178055,syp KO,NA
6,20230722_sypN_DAPI_Phal__Puro_60x_002.tiff:0026-1563-1342:27,1.438e-6,905.356,620,1406,0.001,11094231,0.3858707858708038,syp KO,NA
7,20230722_sypN_DAPI_Phal__Puro_60x_002.tiff:0038-1541-0549:39,1.815e-6,761.841,532,1159,0.001,11780351,0.29213236822779515,syp KO,NA
8,20230722_sypN_DAPI_Phal__Puro_60x_002.tiff:0038-1427-0526:39,2.147e-6,771.212,497,1203,0.002,14111633,0.29842272259901353,syp KO,NA
9,20230722_sypN_DAPI_Phal__Puro_60x_002.tiff:0032-1405-0698:33,1.673e-6,1009.968,580,1754,0.002,14396080,0.45399579392290934,syp KO,NA
10,20230722_sypN_DAPI_Phal__Puro_60x_002.tiff:0029-1278-0657:30,1.503e-6,1218.618,764,2041,0.002,15608065,0.5902339223166861,syp KO,NA
11,20230722_sypN_DAPI_Phal__Puro_60x_002.tiff:0026-1151-1492:27,1.62e-6,1548.866,972,2734,0.003,21377455,0.8054513050561205,syp KO,NA
12,20230722_sypN_DAPI_Phal__Puro_60x_002.tiff:0014-1321-1182:15,1.064e-6,2429.313,920,3543,0.003,22014438,1.379162348505344,syp KO,NA
13,20230722_sypN_DAPI_Phal__Puro_60x_002.tiff:0026-0874-1355:27,1.498e-6,1396.118,806,2268,0.002,17824242,0.7061416646845862,syp KO,NA
14,20230722_sypN_DAPI_Phal__Puro_60x_002.tiff:0020-0874-1659:21,8.911e-7,1497.274,955,2279,0.001,11368805,0.7719371643511501,syp KO,NA
15,20230722_sypN_DAPI_Phal__Puro_60x_002.tiff:0029-0973-1897:30,1.072e-6,1088.106,723,1637,0.001,9942021,0.5052345449688649,syp KO,NA
16,20230722_sypN_DAPI_Phal__Puro_60x_002.tiff:0023-0766-1693:24,1.25e-6,1560.915,966,2383,0.002,16631554,0.8138172682289081,syp KO,NA
17,20230722_sypN_DAPI_Phal__Puro_60x_002.tiff:0026-0843-0883:27,1.651e-6,1560.54,965,2894,0.003,21955242,0.8132740934478448,syp KO,NA
18,20230722_sypN_DAPI_Phal__Puro_60x_002.tiff:0032-1127-0531:33,1.502e-6,1278.092,708,2143,0.002,16360859,0.6291311196353584,syp KO,NA
19,20230722_sypN_DAPI_Phal__Puro_60x_002.tiff:0032-1060-0358:33,1.231e-6,1282.492,810,1893,0.002,13457187,0.6321319188942047,syp KO,NA
20,20230722_sypN_DAPI_Phal__Puro_60x_002.tiff:0029-0923-0314:30,1.35e-6,1512.127,989,2322,0.002,17387947,0.7812606321415888,syp KO,NA
21,20230722_sypN_DAPI_Phal__Puro_60x_002.tiff:0026-0764-0295:27,1.295e-6,1588.561,967,2484,0.002,17526592,0.831332946160147,syp KO,NA
22,20230722_sypN_DAPI_Phal__Puro_60x_002.tiff:0026-0835-0680:27,1.269e-6,1385.786,827,2073,0.002,14988657,0.6994585528237072,syp KO,NA
23,20230722_sypN_DAPI_Phal__Puro_60x_002.tiff:0026-0603-0785:27,1.425e-6,1295.286,799,1973,0.002,15726070,0.6400876017385214,syp KO,NA
24,20230722_sypN_DAPI_Phal__Puro_60x_002.tiff:0023-0619-1048:24,1.204e-6,1584.667,998,2445,0.002,16252342,0.8286210607448,syp KO,NA
25,20230722_sypN_DAPI_Phal__Puro_60x_002.tiff:0035-0407-0372:36,1.239e-6,1236.088,804,1769,0.002,13044433,0.6012259384592092,syp KO,NA
26,20230722_sypN_DAPI_Phal__Puro_60x_002.tiff:0047-0292-0896:48,1.437e-6,948.515,632,1357,0.001,11614565,0.41400142151753755,syp KO,NA
27,20230722_sypN_DAPI_Phal__Puro_60x_002.tiff:0038-0250-0799:39,9.473e-7,1183.636,724,1746,0.001,9554313,0.5673621248399566,syp KO,NA
28,20230722_sypN_DAPI_Phal__Puro_60x_002.tiff:0032-0225-0954:33,9.239e-7,1345.305,928,1850,0.001,10590244,0.6727531351607935,syp KO,NA
29,20230722_sypN_DAPI_Phal__Puro_60x_002.tiff:0032-0138-1285:33,1.002e-6,1126.513,671,1677,0.001,9614791,0.5298330418752314,syp KO,NA
30,20230722_sypN_DAPI_Phal__Puro_60x_002.tiff:0026-0299-1594:27,8.912e-7,1607.703,708,2480,0.001,12208896,0.8439903454619491,syp KO,NA
31,20230722_sypN_DAPI_Phal__Puro_60x_002.tiff:0029-0553-1458:30,1.114e-6,1466.221,930,2281,0.002,13912975,0.7513471622544383,syp KO,NA
32,20230722_sypN_DAPI_Phal__Puro_60x_002.tiff:0023-0560-1670:24,9.773e-7,1607.974,850,2674,0.002,13389596,0.8440829764026899,syp KO,NA
33,20230722_sypN_DAPI_Phal__Puro_60x_002.tiff:0029-0582-0642:30,1.229e-6,1097.893,596,1756,0.001,11492749,0.51113124713344,syp KO,NA
1,20230722_sypN_DAPI_Phal__Puro_60x_003.tiff:0026-1829-1069:27,1.76e-6,986.636,587,1812,0.002,14794611,0.43876786026375036,syp KO,NA
2,20230722_sypN_DAPI_Phal__Puro_60x_003.tiff:0044-1904-0999:45,2.224e-6,596.118,386,995,0.001,11297024,0.1841196164585105,syp KO,NA
3,20230722_sypN_DAPI_Phal__Puro_60x_003.tiff:0041-1772-0884:42,1.6e-6,817.785,472,1271,0.001,11149675,0.3287243335045188,syp KO,NA
4,20230722_sypN_DAPI_Phal__Puro_60x_003.tiff:0032-1840-0685:33,1.033e-6,708.233,433,1050,7.317e-4,6234577,0.25728981929406053,syp KO,NA
5,20230722_sypN_DAPI_Phal__Puro_60x_003.tiff:0038-1763-0593:39,1.207e-6,698.615,456,1203,8.429e-4,7182459,0.2508028535142441,syp KO,NA
6,20230722_sypN_DAPI_Phal__Puro_60x_003.tiff:0023-1654-0846:24,1.695e-6,1033.434,616,1773,0.002,14922784,0.46923390537790177,syp KO,NA
7,20230722_sypN_DAPI_Phal__Puro_60x_003.tiff:0023-1605-0538:24,1.361e-6,949.578,551,1599,0.001,11010354,0.41456725322357374,syp KO,NA
8,20230722_sypN_DAPI_Phal__Puro_60x_003.tiff:0023-1506-0768:24,1.381e-6,1029.155,579,1572,0.001,12114183,0.46678685670903475,syp KO,NA
9,20230722_sypN_DAPI_Phal__Puro_60x_003.tiff:0023-1290-0849:24,1.943e-6,1159.714,639,1920,0.002,19195581,0.5515551185154134,syp KO,NA
10,20230722_sypN_DAPI_Phal__Puro_60x_003.tiff:0026-1271-0525:27,1.552e-6,1047.235,664,1627,0.002,13847593,0.4782989875519183,syp KO,NA
11,20230722_sypN_DAPI_Phal__Puro_60x_003.tiff:0023-1076-1218:24,1.601e-6,1205.039,694,1825,0.002,16436728,0.5811953865659228,syp KO,NA
12,20230722_sypN_DAPI_Phal__Puro_60x_003.tiff:0032-0956-1325:33,1.991e-6,1029.041,559,1619,0.002,17453561,0.46634220632205214,syp KO,NA
13,20230722_sypN_DAPI_Phal__Puro_60x_003.tiff:0032-0840-1141:33,1.765e-6,959.322,619,1567,0.002,14425326,0.4209279754678424,syp KO,NA
14,20230722_sypN_DAPI_Phal__Puro_60x_003.tiff:0026-0761-0998:27,1.919e-6,915.577,533,1612,0.002,14972427,0.3925431650667835,syp KO,NA
15,20230722_sypN_DAPI_Phal__Puro_60x_003.tiff:0020-0873-0838:21,1.957e-6,1089.779,603,1860,0.002,18173147,0.5061496643960257,syp KO,NA
16,20230722_sypN_DAPI_Phal__Puro_60x_003.tiff:0026-0747-0664:27,1.387e-6,1099.936,661,1675,0.002,13001244,0.5128416531745815,syp KO,NA
17,20230722_sypN_DAPI_Phal__Puro_60x_003.tiff:0035-0441-1595:36,1.459e-6,921.845,456,1439,0.001,11460373,0.3965811767333325,syp KO,NA
18,20230722_sypN_DAPI_Phal__Puro_60x_003.tiff:0029-0382-1416:30,1.313e-6,968.592,617,1496,0.001,10835643,0.42702120338138216,syp KO,NA
19,20230722_sypN_DAPI_Phal__Puro_60x_003.tiff:0026-0239-1381:27,1.402e-6,1001.319,583,1589,0.001,11963765,0.44851511612146533,syp KO,NA
20,20230722_sypN_DAPI_Phal__Puro_60x_003.tiff:0023-0415-1185:24,1.7e-6,1131.284,662,1752,0.002,16386653,0.5331713521284258,syp KO,NA
21,20230722_sypN_DAPI_Phal__Puro_60x_003.tiff:0026-0458-0753:27,1.233e-6,1209.259,691,1846,0.001,12699633,0.5837403932882479,syp KO,NA
22,20230722_sypN_DAPI_Phal__Puro_60x_003.tiff:0029-0481-0528:30,1.321e-6,1203.941,641,1828,0.002,13551556,0.5805845133099715,syp KO,NA
23,20230722_sypN_DAPI_Phal__Puro_60x_003.tiff:0047-0230-1044:48,1.613e-6,704.44,457,1024,0.001,9679709,0.2546603010801865,syp KO,NA
24,20230722_sypN_DAPI_Phal__Puro_60x_003.tiff:0038-0184-0883:39,1.163e-6,835.258,559,1301,9.713e-4,8276575,0.3400562128292143,syp KO,NA
25,20230722_sypN_DAPI_Phal__Puro_60x_003.tiff:0032-0271-0833:33,1.513e-6,826.976,429,1293,0.001,10659721,0.33460922699287066,syp KO,NA
26,20230722_sypN_DAPI_Phal__Puro_60x_003.tiff:0020-0308-0645:21,9.769e-7,1083.376,530,1669,0.001,9018020,0.5019419124625079,syp KO,NA
27,20230722_sypN_DAPI_Phal__Puro_60x_003.tiff:0041-0202-0649:42,1.165e-6,718.238,429,1128,8.365e-4,7127790,0.2636334700405585,syp KO,NA
28,20230722_sypN_DAPI_Phal__Puro_60x_003.tiff:0050-0184-0467:51,1.038e-6,809.139,478,1200,8.396e-4,7153601,0.32284268636140534,syp KO,NA
29,20230722_sypN_DAPI_Phal__Puro_60x_003.tiff:0035-0307-0339:36,9.293e-7,881.609,583,1301,8.192e-4,6980584,0.3703011222834128,syp KO,NA
30,20230722_sypN_DAPI_Phal__Puro_60x_003.tiff:0041-0601-0296:42,1.204e-6,835.234,509,1307,0.001,8566158,0.3399165536194725,syp KO,NA
1,20230722_sypN_DAPI_Phal__Puro_60x_004.tiff:0014-1860-0920:15,2.636e-6,685.454,374,1202,0.002,15393248,0.24230190746063862,syp KO,NA
2,20230722_sypN_DAPI_Phal__Puro_60x_004.tiff:0020-1825-1216:21,1.241e-6,716.172,374,1220,8.889e-4,7574235,0.26248956288504915,syp KO,NA
3,20230722_sypN_DAPI_Phal__Puro_60x_004.tiff:0023-1703-1132:24,1.704e-6,718.78,445,1201,0.001,10435968,0.2641019503496634,syp KO,NA
4,20230722_sypN_DAPI_Phal__Puro_60x_004.tiff:0026-1636-0851:27,2.194e-6,623.125,376,1283,0.001,11648704,0.20170753658279056,syp KO,NA
5,20230722_sypN_DAPI_Phal__Puro_60x_004.tiff:0026-1406-0904:27,1.675e-6,643.021,390,1104,0.001,9174630,0.2145719233659935,syp KO,NA
6,20230722_sypN_DAPI_Phal__Puro_60x_004.tiff:0020-1346-1067:21,1.916e-6,802.7,428,1316,0.002,13103274,0.3187971465984516,syp KO,NA
7,20230722_sypN_DAPI_Phal__Puro_60x_004.tiff:0020-1166-1269:21,1.673e-6,840.097,456,1456,0.001,11975589,0.3432392014949153,syp KO,NA
8,20230722_sypN_DAPI_Phal__Puro_60x_004.tiff:0029-1376-1655:30,1.165e-6,637.767,379,1083,7.429e-4,6329841,0.21119967840883885,syp KO,NA
9,20230722_sypN_DAPI_Phal__Puro_60x_004.tiff:0035-1261-1735:36,1.218e-6,530.177,325,982,6.456e-4,5500585,0.14098067846248402,syp KO,NA
10,20230722_sypN_DAPI_Phal__Puro_60x_004.tiff:0035-1157-1617:36,1.198e-6,646.03,442,1038,7.739e-4,6594026,0.21662387071415282,syp KO,NA
11,20230722_sypN_DAPI_Phal__Puro_60x_004.tiff:0032-1268-0811:33,2.209e-6,740.432,467,1283,0.002,13934932,0.2781769140658492,syp KO,NA
12,20230722_sypN_DAPI_Phal__Puro_60x_004.tiff:0029-1100-0961:30,2.065e-6,720.459,430,1286,0.001,12677201,0.2652262089165534,syp KO,NA
13,20230722_sypN_DAPI_Phal__Puro_60x_004.tiff:0029-0885-1065:30,1.537e-6,833.139,501,1504,0.001,10914126,0.3388584852911481,syp KO,NA
14,20230722_sypN_DAPI_Phal__Puro_60x_004.tiff:0035-0947-0861:36,1.661e-6,775.274,478,1296,0.001,10969352,0.300822164439175,syp KO,NA
15,20230722_sypN_DAPI_Phal__Puro_60x_004.tiff:0035-0809-0770:36,1.523e-6,795.476,467,1269,0.001,10322886,0.31413700184981896,syp KO,NA
16,20230722_sypN_DAPI_Phal__Puro_60x_004.tiff:0041-0842-0590:42,1.279e-6,728.751,486,1130,9.322e-4,7942658,0.27065938607173895,syp KO,NA
17,20230722_sypN_DAPI_Phal__Puro_60x_004.tiff:0035-0622-1381:36,1.37e-6,761.252,513,1188,0.001,8885335,0.2917568353474449,syp KO,NA
18,20230722_sypN_DAPI_Phal__Puro_60x_004.tiff:0035-0498-0993:36,2.06e-6,781.072,483,1304,0.002,13707808,0.3046659432798498,syp KO,NA
19,20230722_sypN_DAPI_Phal__Puro_60x_004.tiff:0026-0470-1168:27,1.344e-6,787.195,463,1274,0.001,9018104,0.30892405545622026,syp KO,NA
20,20230722_sypN_DAPI_Phal__Puro_60x_004.tiff:0041-0343-1574:42,1.172e-6,597.121,358,993,6.999e-4,5963447,0.1847831956886613,syp KO,NA
21,20230722_sypN_DAPI_Phal__Puro_60x_004.tiff:0023-0340-1709:24,1.133e-6,607.188,426,1082,6.882e-4,5864217,0.19148663800809948,syp KO,NA
22,20230722_sypN_DAPI_Phal__Puro_60x_004.tiff:0041-0227-1688:42,1.054e-6,596.868,363,906,6.293e-4,5362259,0.184727074682319,syp KO,NA
23,20230722_sypN_DAPI_Phal__Puro_60x_004.tiff:0038-0166-1503:39,1.339e-6,632.126,376,905,8.466e-4,7213818,0.20768795261229345,syp KO,NA
24,20230722_sypN_DAPI_Phal__Puro_60x_004.tiff:0041-0343-1083:42,1.748e-6,660.134,424,1092,0.001,9830055,0.22576474973224747,syp KO,NA
25,20230722_sypN_DAPI_Phal__Puro_60x_004.tiff:0032-0191-1260:33,1.36e-6,710.141,416,1084,9.657e-4,8228409,0.2584298627166563,syp KO,NA
26,20230722_sypN_DAPI_Phal__Puro_60x_004.tiff:0038-0636-0377:39,1.3e-6,724.402,433,1221,9.414e-4,8021301,0.2676109221028874,syp KO,NA
27,20230722_sypN_DAPI_Phal__Puro_60x_004.tiff:0041-0315-0703:42,1.322e-6,574.988,410,943,7.602e-4,6477240,0.17033849514427277,syp KO,NA
28,20230722_sypN_DAPI_Phal__Puro_60x_004.tiff:0026-0184-0747:27,1.403e-6,689.925,422,1081,9.678e-4,8245978,0.2451930228074368,syp KO,NA
29,20230722_sypN_DAPI_Phal__Puro_60x_004.tiff:0044-0167-0484:45,1.602e-6,521.848,328,1069,8.358e-4,7121655,0.1355758770798257,syp KO,NA
30,20230722_sypN_DAPI_Phal__Puro_60x_004.tiff:0032-0177-0332:33,1.074e-6,646.744,421,972,6.943e-4,5915771,0.2169278886790155,syp KO,NA
1,20230722_sypN_DAPI_Phal__Puro_60x_005.tiff:0038-1932-1186:39,1.584e-6,604.346,392,947,9.573e-4,8156852,0.1894730159512451,syp KO,NA
2,20230722_sypN_DAPI_Phal__Puro_60x_005.tiff:0029-1917-1551:30,1.14e-6,657.456,358,1094,7.498e-4,6388504,0.22426045464105393,syp KO,NA
3,20230722_sypN_DAPI_Phal__Puro_60x_005.tiff:0023-1832-0939:24,2.283e-6,806.52,471,1403,0.002,15689242,0.32134900910331887,syp KO,NA
4,20230722_sypN_DAPI_Phal__Puro_60x_005.tiff:0029-1714-1160:30,1.586e-6,790.249,489,1302,0.001,10680999,0.310811307667695,syp KO,NA
5,20230722_sypN_DAPI_Phal__Puro_60x_005.tiff:0023-1641-1328:24,1.813e-6,907.096,500,1479,0.002,14011001,0.38686851187726495,syp KO,NA
6,20230722_sypN_DAPI_Phal__Puro_60x_005.tiff:0029-1428-1061:30,1.953e-6,848.07,534,1523,0.002,14109335,0.3483138569196634,syp KO,NA
7,20230722_sypN_DAPI_Phal__Puro_60x_005.tiff:0029-1501-0871:30,2.346e-6,777.426,450,1476,0.002,15539190,0.3023249475872836,syp KO,NA
8,20230722_sypN_DAPI_Phal__Puro_60x_005.tiff:0032-1185-1455:33,1.872e-6,861.958,536,1341,0.002,13745652,0.3573716762078914,syp KO,NA
9,20230722_sypN_DAPI_Phal__Puro_60x_005.tiff:0032-1068-1661:33,1.046e-6,725.542,455,1293,7.592e-4,6468934,0.26869933635682036,syp KO,NA
10,20230722_sypN_DAPI_Phal__Puro_60x_005.tiff:0029-1211-1820:30,1.056e-6,744.644,514,1130,7.863e-4,6699562,0.2809350172458617,syp KO,NA
11,20230722_sypN_DAPI_Phal__Puro_60x_005.tiff:0020-1316-1774:21,8.691e-7,842.646,526,1245,7.323e-4,6239793,0.3448813099585691,syp KO,NA
12,20230722_sypN_DAPI_Phal__Puro_60x_005.tiff:0023-1183-0742:24,1.465e-6,925.469,566,1559,0.001,11550778,0.3988425095108618,syp KO,NA
13,20230722_sypN_DAPI_Phal__Puro_60x_005.tiff:0032-1117-0983:33,1.916e-6,749.994,464,1302,0.001,12245896,0.2845409702890637,syp KO,NA
14,20230722_sypN_DAPI_Phal__Puro_60x_005.tiff:0032-0998-1131:33,1.666e-6,744.34,489,1320,0.001,10564417,0.28069804581470675,syp KO,NA
15,20230722_sypN_DAPI_Phal__Puro_60x_005.tiff:0035-0900-1019:36,1.583e-6,802.813,508,1572,0.001,10827533,0.31887464500202767,syp KO,NA
16,20230722_sypN_DAPI_Phal__Puro_60x_005.tiff:0029-0937-0627:30,1.386e-6,828.226,526,1370,0.001,9780524,0.3354692816977632,syp KO,NA
17,20230722_sypN_DAPI_Phal__Puro_60x_005.tiff:0026-0777-0874:27,1.485e-6,797.14,482,1246,0.001,10086207,0.3152136304925522,syp KO,NA
18,20230722_sypN_DAPI_Phal__Puro_60x_005.tiff:0023-0754-1131:24,1.402e-6,834.297,496,1279,0.001,9965677,0.33941413594455405,syp KO,NA
19,20230722_sypN_DAPI_Phal__Puro_60x_005.tiff:0032-0587-1330:33,1.262e-6,776.037,502,1185,9.795e-4,8346273,0.30154662387596826,syp KO,NA
20,20230722_sypN_DAPI_Phal__Puro_60x_005.tiff:0029-0677-0635:30,1.242e-6,821.631,524,1279,0.001,8696962,0.3313147320532826,syp KO,NA
21,20230722_sypN_DAPI_Phal__Puro_60x_005.tiff:0026-0469-1004:27,1.334e-6,886.727,517,1419,0.001,10081199,0.37378140810766486,syp KO,NA
22,20230722_sypN_DAPI_Phal__Puro_60x_005.tiff:0035-0452-1656:36,9.791e-7,730.443,482,1175,7.152e-4,6094088,0.2717403181488789,syp KO,NA
23,20230722_sypN_DAPI_Phal__Puro_60x_005.tiff:0032-0448-1471:33,1.075e-6,748.406,331,1194,8.046e-4,6855399,0.28344849259307464,syp KO,NA
24,20230722_sypN_DAPI_Phal__Puro_60x_005.tiff:0020-0238-1368:21,1.255e-6,959.072,409,1588,0.001,10253434,0.4207042644998336,syp KO,NA
25,20230722_sypN_DAPI_Phal__Puro_60x_005.tiff:0053-0544-0836:54,1.549e-6,516.512,372,826,8.002e-4,6818481,0.1322368187654479,syp KO,NA
26,20230722_sypN_DAPI_Phal__Puro_60x_005.tiff:0044-0413-0877:45,1.303e-6,632.52,426,1043,8.24e-4,7020972,0.2077527437801099,syp KO,NA
27,20230722_sypN_DAPI_Phal__Puro_60x_005.tiff:0044-0428-0748:45,1.63e-6,592.608,415,926,9.658e-4,8228957,0.18173443676225506,syp KO,NA
28,20230722_sypN_DAPI_Phal__Puro_60x_005.tiff:0025-0049-1152:27,1.33e-6,862.783,475,1300,0.001,9776193,0.35796559193206984,syp KO,NA
29,20230722_sypN_DAPI_Phal__Puro_60x_005.tiff:0034-0175-1007:36,1.345e-6,784.093,472,1325,0.001,8987271,0.30678723726158014,syp KO,NA
30,20230722_sypN_DAPI_Phal__Puro_60x_005.tiff:0034-0219-0801:36,1.144e-6,702.424,449,1137,8.034e-4,6845125,0.2533161348320736,syp KO,NA
31,20230722_sypN_DAPI_Phal__Puro_60x_005.tiff:0052-0298-0556:54,1.762e-6,579.528,401,905,0.001,8699875,0.1732416594698671,syp KO,NA
1,20230722_sypN_DAPI_Phal__Puro_60x_006.tiff:0029-1782-0979:30,1.946e-6,820.903,455,1348,0.002,13613040,0.33077968957942644,syp KO,NA
2,20230722_sypN_DAPI_Phal__Puro_60x_006.tiff:0020-1853-1143:21,1.301e-6,936.425,584,1560,0.001,10384018,0.40627399526339036,syp KO,NA
3,20230722_sypN_DAPI_Phal__Puro_60x_006.tiff:0026-1852-1278:27,1.149e-6,925.538,569,1636,0.001,9062869,0.39908168740203376,syp KO,NA
4,20230722_sypN_DAPI_Phal__Puro_60x_006.tiff:0023-1675-1141:24,1.254e-6,879.59,485,1522,0.001,9396658,0.36889939526795507,syp KO,NA
5,20230722_sypN_DAPI_Phal__Puro_60x_006.tiff:0020-1499-1498:21,1.483e-6,1134.677,697,1804,0.002,14338909,0.5354407920461227,syp KO,NA
6,20230722_sypN_DAPI_Phal__Puro_60x_006.tiff:0023-1413-1620:24,1.218e-6,1089.882,573,1694,0.001,11312980,0.5062976819155192,syp KO,NA
7,20230722_sypN_DAPI_Phal__Puro_60x_006.tiff:0023-1304-1523:24,1.534e-6,1067.385,570,1788,0.002,13947517,0.49130039330026365,syp KO,NA
8,20230722_sypN_DAPI_Phal__Puro_60x_006.tiff:0020-1392-1402:21,1.429e-6,1117.852,645,1977,0.002,13614317,0.5245940589096454,syp KO,NA
9,20230722_sypN_DAPI_Phal__Puro_60x_006.tiff:0017-1509-0794:18,1.627e-6,970.544,585,1700,0.002,13452709,0.42823299760107064,syp KO,NA
10,20230722_sypN_DAPI_Phal__Puro_60x_006.tiff:0017-1279-0890:18,1.762e-6,1014.768,615,1702,0.002,15235731,0.45720261276011026,syp KO,NA
11,20230722_sypN_DAPI_Phal__Puro_60x_006.tiff:0026-1294-0729:27,1.557e-6,988.836,605,1588,0.002,13115918,0.4401313037164076,syp KO,NA
12,20230722_sypN_DAPI_Phal__Puro_60x_006.tiff:0020-1046-0915:21,1.841e-6,1047.77,628,1807,0.002,16437417,0.47876658644460307,syp KO,NA
13,20230722_sypN_DAPI_Phal__Puro_60x_006.tiff:0017-1111-0632:18,1.903e-6,1079.36,582,1760,0.002,17497500,0.49914240357465317,syp KO,NA
14,20230722_sypN_DAPI_Phal__Puro_60x_006.tiff:0014-1130-1243:15,1.753e-6,1231.496,590,2056,0.002,18397319,0.5986666333504533,syp KO,NA
15,20230722_sypN_DAPI_Phal__Puro_60x_006.tiff:0026-1003-1713:27,1.022e-6,1040.779,638,1792,0.001,9066228,0.4743677175628239,syp KO,NA
16,20230722_sypN_DAPI_Phal__Puro_60x_006.tiff:0020-0788-1614:21,8.78e-7,1250.984,714,1855,0.001,9358613,0.611240446400803,syp KO,NA
17,20230722_sypN_DAPI_Phal__Puro_60x_006.tiff:0020-0751-0992:21,1.484e-6,1071.453,659,1752,0.002,13545304,0.4940034601241145,syp KO,NA
18,20230722_sypN_DAPI_Phal__Puro_60x_006.tiff:0029-0699-0576:30,1.418e-6,1045.892,587,1786,0.001,12637514,0.47751753367149585,syp KO,NA
19,20230722_sypN_DAPI_Phal__Puro_60x_006.tiff:0026-0809-0230:27,1.633e-6,1042.545,556,1791,0.002,14510140,0.47547834704905434,syp KO,NA
20,20230722_sypN_DAPI_Phal__Puro_60x_006.tiff:0038-0750-0125:39,1.305e-6,865.675,533,1318,0.001,9626305,0.35995274437070107,syp KO,NA
21,20230722_sypN_DAPI_Phal__Puro_60x_006.tiff:0032-0539-0210:33,1.564e-6,923.658,368,1406,0.001,12308667,0.39773261280222105,syp KO,NA
22,20230722_sypN_DAPI_Phal__Puro_60x_006.tiff:0029-0655-0369:30,1.44e-6,1049.037,682,1688,0.002,12873786,0.4796548169714254,syp KO,NA
23,20230722_sypN_DAPI_Phal__Puro_60x_006.tiff:0038-0452-0561:39,1.369e-6,619.88,400,1038,8.489e-4,7233385,0.19974428151231768,syp KO,NA
24,20230722_sypN_DAPI_Phal__Puro_60x_006.tiff:0041-0346-0635:42,1.314e-6,737.21,470,1187,9.688e-4,8255279,0.2762097176692623,syp KO,NA
25,20230722_sypN_DAPI_Phal__Puro_60x_006.tiff:0047-0193-0349:48,1.075e-6,642.556,390,924,6.906e-4,5884527,0.2143106909335262,syp KO,NA
26,20230722_sypN_DAPI_Phal__Puro_60x_006.tiff:0023-0275-0409:24,9.867e-7,925.625,521,1582,9.133e-4,7781732,0.39900587341079446,syp KO,NA
27,20230722_sypN_DAPI_Phal__Puro_60x_006.tiff:0035-0585-0824:36,1.815e-6,787.9,487,1195,0.001,12187232,0.3092937730192985,syp KO,NA
28,20230722_sypN_DAPI_Phal__Puro_60x_006.tiff:0038-0505-0973:39,1.212e-6,754.197,465,1176,9.142e-4,7789350,0.2872563206059273,syp KO,NA
29,20230722_sypN_DAPI_Phal__Puro_60x_006.tiff:0023-0488-1191:24,1.092e-6,1179.418,690,1968,0.001,10972128,0.564445431777959,syp KO,NA
30,20230722_sypN_DAPI_Phal__Puro_60x_006.tiff:0038-0366-0948:39,1.137e-6,827.824,470,1394,9.413e-4,8020788,0.3352922824434347,syp KO,NA
31,20230722_sypN_DAPI_Phal__Puro_60x_006.tiff:0041-0264-1081:42,1.281e-6,751.445,405,1210,9.625e-4,8201269,0.28537183300910135,syp KO,NA
32,20230722_sypN_DAPI_Phal__Puro_60x_006.tiff:0053-0281-0835:54,1.638e-6,709.284,398,1089,0.001,9896637,0.25778698579610115,syp KO,NA
33,20230722_sypN_DAPI_Phal__Puro_60x_006.tiff:0023-0130-1094:24,1.375e-6,894.034,480,1401,0.001,10472711,0.3783283791346109,syp KO,NA
34,20230722_sypN_DAPI_Phal__Puro_60x_006.tiff:0026-0376-1251:27,9.644e-7,1119.282,628,1834,0.001,9197142,0.525320000695817,syp KO,NA
35,20230722_sypN_DAPI_Phal__Puro_60x_006.tiff:0029-0331-1418:30,1.029e-6,989.821,628,1558,0.001,8679741,0.44099505198129,syp KO,NA
1,20230722_WT-CHX_DAPI_Phal__Puro_60x_001.tiff:0013-1793-1168:15,1.002e-6,728.063,430,1445,7.295e-4,6215470,0.2701243348241381,CHX,NA
2,20230722_WT-CHX_DAPI_Phal__Puro_60x_001.tiff:0016-1896-1422:18,7.016e-7,585.125,375,922,4.105e-4,3497880,0.17692200687146198,CHX,NA
3,20230722_WT-CHX_DAPI_Phal__Puro_60x_001.tiff:0019-1605-1438:21,7.898e-7,679.68,392,1303,5.368e-4,4574245,0.23862936380826558,CHX,NA
4,20230722_WT-CHX_DAPI_Phal__Puro_60x_001.tiff:0022-1614-1592:24,6.726e-7,627.009,361,1155,4.217e-4,3593390,0.20424840153061913,CHX,NA
5,20230722_WT-CHX_DAPI_Phal__Puro_60x_001.tiff:0016-1712-1116:18,7.654e-7,772.071,465,1438,5.91e-4,5035450,0.2988917006131915,CHX,NA
6,20230722_WT-CHX_DAPI_Phal__Puro_60x_001.tiff:0013-1647-1154:15,9.634e-7,752.397,462,1537,7.249e-4,6176430,0.28604823222314246,CHX,NA
7,20230722_WT-CHX_DAPI_Phal__Puro_60x_001.tiff:0016-1384-1136:18,9.173e-7,791.693,441,1484,7.262e-4,6187875,0.3116684475321258,CHX,NA
8,20230722_WT-CHX_DAPI_Phal__Puro_60x_001.tiff:0010-1319-0952:12,6.891e-7,923.627,547,1633,6.365e-4,5423536,0.39776868721684344,CHX,NA
9,20230722_WT-CHX_DAPI_Phal__Puro_60x_001.tiff:0013-1137-1110:15,1.121e-6,816.485,527,2255,9.152e-4,7798246,0.32780275817702603,CHX,NA
10,20230722_WT-CHX_DAPI_Phal__Puro_60x_001.tiff:0028-1227-1214:30,9.164e-7,730.403,441,1540,6.693e-4,5702987,0.27166970136664875,CHX,NA
11,20230722_WT-CHX_DAPI_Phal__Puro_60x_001.tiff:0031-1451-1333:33,8.898e-7,717.163,414,1274,6.382e-4,5437527,0.26307306162916305,CHX,NA
12,20230722_WT-CHX_DAPI_Phal__Puro_60x_001.tiff:0025-1178-1377:27,8.358e-7,704.965,400,1165,5.892e-4,5020761,0.25512517455789663,CHX,NA
13,20230722_WT-CHX_DAPI_Phal__Puro_60x_001.tiff:0028-1079-1358:30,8.658e-7,710.661,409,1303,6.153e-4,5242548,0.25880101141633916,CHX,NA
14,20230722_WT-CHX_DAPI_Phal__Puro_60x_001.tiff:0025-1107-0955:27,6.971e-7,797.939,463,1644,5.563e-4,4739755,0.31576391576558344,CHX,NA
15,20230722_WT-CHX_DAPI_Phal__Puro_60x_001.tiff:0013-0978-1069:15,1.158e-6,842.395,501,1495,9.757e-4,8313592,0.3448556390915945,CHX,NA
16,20230722_WT-CHX_DAPI_Phal__Puro_60x_001.tiff:0016-0949-0978:18,7.912e-7,814.942,477,1592,6.448e-4,5494337,0.32686882497553327,CHX,NA
17,20230722_WT-CHX_DAPI_Phal__Puro_60x_001.tiff:0013-0993-0827:15,8.202e-7,1002.668,563,2026,8.224e-4,7007647,0.44931671723355393,CHX,NA
18,20230722_WT-CHX_DAPI_Phal__Puro_60x_001.tiff:0022-0791-1271:24,7.341e-7,872.215,480,1631,6.403e-4,5455702,0.36418957433160026,CHX,NA
19,20230722_WT-CHX_DAPI_Phal__Puro_60x_001.tiff:0034-0885-1660:36,8.975e-7,602.301,355,1021,5.405e-4,4605792,0.18811602982360656,CHX,NA
20,20230722_WT-CHX_DAPI_Phal__Puro_60x_001.tiff:0037-1075-1789:39,6.308e-7,574.798,341,923,3.626e-4,3089537,0.17020308415827648,CHX,NA
21,20230722_WT-CHX_DAPI_Phal__Puro_60x_001.tiff:0037-1370-1726:39,8.454e-7,636.249,390,1525,5.379e-4,4582903,0.2102540795639509,CHX,NA
22,20230722_WT-CHX_DAPI_Phal__Puro_60x_001.tiff:0040-0617-1072:42,1.051e-6,729.14,454,1257,7.662e-4,6528723,0.27080193935707964,CHX,NA
23,20230722_WT-CHX_DAPI_Phal__Puro_60x_001.tiff:0052-0230-1058:54,8.078e-7,655.38,408,1337,5.294e-4,4510982,0.2227546489117164,CHX,NA
24,20230722_WT-CHX_DAPI_Phal__Puro_60x_001.tiff:0052-0222-1199:54,6.198e-7,576.882,392,1027,3.575e-4,3046516,0.17154379656878177,CHX,NA
25,20230722_WT-CHX_DAPI_Phal__Puro_60x_001.tiff:0055-0116-1274:57,8.116e-7,584.781,371,923,4.746e-4,4043760,0.17668305322801947,CHX,NA
26,20230722_WT-CHX_DAPI_Phal__Puro_60x_001.tiff:0055-0239-1577:57,4.845e-7,544.303,365,942,2.637e-4,2246883,0.1502780195043587,CHX,NA
1,20230722_WT-CHX_DAPI_Phal__Puro_60x_002.tiff:0026-1310-0552:27,6.86e-7,909.289,532,1611,6.238e-4,5314797,0.38835684919236485,CHX,NA
2,20230722_WT-CHX_DAPI_Phal__Puro_60x_002.tiff:0029-1333-0758:30,5.592e-7,1108.691,637,2078,6.2e-4,5282913,0.5184779022877651,CHX,NA
3,20230722_WT-CHX_DAPI_Phal__Puro_60x_002.tiff:0044-1465-0828:45,7.259e-7,854.935,534,1527,6.206e-4,5287774,0.3529067859395313,CHX,NA
4,20230722_WT-CHX_DAPI_Phal__Puro_60x_002.tiff:0026-1299-1059:27,9.749e-7,1065.582,519,1561,0.001,8851789,0.49033855217511785,CHX,NA
5,20230722_WT-CHX_DAPI_Phal__Puro_60x_002.tiff:0032-1246-0951:33,6.747e-7,1024.07,630,2105,6.909e-4,5887380,0.4632566701970055,CHX,NA
6,20230722_WT-CHX_DAPI_Phal__Puro_60x_002.tiff:0032-1249-0846:33,5.128e-7,990.235,608,1638,5.077e-4,4326336,0.44111525689114045,CHX,NA
7,20230722_WT-CHX_DAPI_Phal__Puro_60x_002.tiff:0029-1030-0654:30,8.091e-7,1030.025,578,2423,8.334e-4,7100989,0.46712121845404414,CHX,NA
8,20230722_WT-CHX_DAPI_Phal__Puro_60x_002.tiff:0029-1057-0569:30,7.388e-7,1068.157,588,1811,7.891e-4,6724046,0.4919934993377405,CHX,NA
9,20230722_WT-CHX_DAPI_Phal__Puro_60x_002.tiff:0026-0966-0415:27,6.307e-7,906.233,373,2338,5.716e-4,4870096,0.3863828478963116,CHX,NA
10,20230722_WT-CHX_DAPI_Phal__Puro_60x_002.tiff:0026-0255-1394:27,1.314e-6,645.794,374,1196,8.483e-4,7228367,0.21638234680122234,CHX,NA
11,20230722_WT-CHX_DAPI_Phal__Puro_60x_002.tiff:0014-0570-1494:15,6.913e-7,1031.908,566,1974,7.133e-4,6077937,0.4683181232739508,CHX,NA
12,20230722_WT-CHX_DAPI_Phal__Puro_60x_002.tiff:0014-0520-1312:15,7.121e-7,989.401,607,2531,7.046e-4,6003683,0.4406760154108834,CHX,NA
13,20230722_WT-CHX_DAPI_Phal__Puro_60x_002.tiff:0011-0887-1472:12,7.725e-7,1121.615,655,2006,8.664e-4,7382473,0.5268474417083615,CHX,NA
14,20230722_WT-CHX_DAPI_Phal__Puro_60x_002.tiff:0014-0844-1113:15,9.388e-7,1182.387,576,2095,0.001,9457910,0.5664917800950007,CHX,NA
15,20230722_WT-CHX_DAPI_Phal__Puro_60x_002.tiff:0008-0717-1180:9,8.051e-7,1017.28,610,1640,8.19e-4,6978542,0.4588163590535226,CHX,NA
16,20230722_WT-CHX_DAPI_Phal__Puro_60x_002.tiff:0020-0725-0984:21,8.936e-7,906.23,546,1915,8.098e-4,6900037,0.38637409368625064,CHX,NA
17,20230722_WT-CHX_DAPI_Phal__Puro_60x_002.tiff:0014-1063-1194:15,7.361e-7,1025.753,604,1714,7.55e-4,6433525,0.46433547850889767,CHX,NA
18,20230722_WT-CHX_DAPI_Phal__Puro_60x_002.tiff:0017-0961-0993:18,1.154e-6,1041.811,643,1933,0.001,10239965,0.47455057405674816,CHX,NA
19,20230722_WT-CHX_DAPI_Phal__Puro_60x_002.tiff:0020-1115-0873:21,9.057e-7,1182.996,685,2780,0.001,9129183,0.5668922417416529,CHX,NA
20,20230722_WT-CHX_DAPI_Phal__Puro_60x_002.tiff:0029-0179-1843:30,1.143e-6,702.35,429,1342,8.027e-4,6839482,0.2533389400409941,CHX,NA
21,20230722_WT-CHX_DAPI_Phal__Puro_60x_002.tiff:0017-0324-1619:18,8.558e-7,844.166,434,2619,7.224e-4,6155660,0.3458971011982945,CHX,NA
22,20230722_WT-CHX_DAPI_Phal__Puro_60x_002.tiff:0020-0118-1659:21,9.149e-7,650.678,423,1053,5.953e-4,5072682,0.21971089893370252,CHX,NA
23,20230722_WT-CHX_DAPI_Phal__Puro_60x_002.tiff:0020-0079-1763:21,6.065e-7,617.389,394,1050,3.745e-4,3190665,0.1979899477819156,CHX,NA
1,20230722_WT-CHX_DAPI_Phal__Puro_60x_003.tiff:0020-1941-1040:21,7.042e-7,554.343,336,1029,3.903e-4,3326059,0.15683435302849297,CHX,NA
2,20230722_WT-CHX_DAPI_Phal__Puro_60x_003.tiff:0023-1892-1152:24,5.705e-7,448.937,280,809,2.561e-4,2182283,0.08809264778671562,CHX,NA
3,20230722_WT-CHX_DAPI_Phal__Puro_60x_003.tiff:0032-1800-1041:33,7.562e-7,554.201,323,1116,4.191e-4,3570715,0.15673827830575746,CHX,NA
4,20230722_WT-CHX_DAPI_Phal__Puro_60x_003.tiff:0023-1688-1149:24,5.958e-7,573.323,334,1077,3.416e-4,2910759,0.16925809105849385,CHX,NA
5,20230722_WT-CHX_DAPI_Phal__Puro_60x_003.tiff:0035-1603-1331:36,5.696e-7,487.92,315,812,2.779e-4,2367876,0.11349862363423556,CHX,NA
6,20230722_WT-CHX_DAPI_Phal__Puro_60x_003.tiff:0032-1560-1035:33,8.822e-7,612.001,326,1072,5.399e-4,4600411,0.1944623740592832,CHX,NA
7,20230722_WT-CHX_DAPI_Phal__Puro_60x_003.tiff:0023-1496-1166:24,1.12e-6,610.939,352,1111,6.841e-4,5828968,0.19367638166331355,CHX,NA
8,20230722_WT-CHX_DAPI_Phal__Puro_60x_003.tiff:0038-1404-1377:39,9.249e-7,538.784,315,1025,4.983e-4,4246155,0.14671101413315113,CHX,NA
9,20230722_WT-CHX_DAPI_Phal__Puro_60x_003.tiff:0047-1881-1423:48,1.077e-6,333.266,228,896,3.588e-4,3057384,0.012579681781258529,CHX,NA
10,20230722_WT-CHX_DAPI_Phal__Puro_60x_003.tiff:0029-1200-0971:30,8.044e-7,681.194,394,1466,5.479e-4,4668901,0.23959035990409663,CHX,NA
11,20230722_WT-CHX_DAPI_Phal__Puro_60x_003.tiff:0017-1140-1391:18,6.828e-7,583.475,330,1212,3.984e-4,3394658,0.17585766780279935,CHX,NA
12,20230722_WT-CHX_DAPI_Phal__Puro_60x_003.tiff:0017-1139-1111:18,6.321e-7,602.306,350,1019,3.807e-4,3244019,0.18814111918695609,CHX,NA
13,20230722_WT-CHX_DAPI_Phal__Puro_60x_003.tiff:0017-1107-1217:18,9.205e-7,628.065,378,1076,5.781e-4,4925911,0.2049225517031402,CHX,NA
14,20230722_WT-CHX_DAPI_Phal__Puro_60x_003.tiff:0017-1009-1247:18,9.593e-7,650.76,426,1074,6.243e-4,5319312,0.2197470710993207,CHX,NA
15,20230722_WT-CHX_DAPI_Phal__Puro_60x_003.tiff:0035-0973-1777:36,9.487e-7,464.735,289,812,4.409e-4,3756915,0.0984162132164271,CHX,NA
16,20230722_WT-CHX_DAPI_Phal__Puro_60x_003.tiff:0023-1158-1728:24,4.813e-7,493.654,298,1095,2.376e-4,2024475,0.11726339238160535,CHX,NA
17,20230722_WT-CHX_DAPI_Phal__Puro_60x_003.tiff:0032-1018-1460:33,7.381e-7,534.299,328,983,3.944e-4,3360207,0.14376946543279817,CHX,NA
18,20230722_WT-CHX_DAPI_Phal__Puro_60x_003.tiff:0035-1011-1027:36,7.33e-7,645.453,405,1315,4.731e-4,4031500,0.21630270607643132,CHX,NA
19,20230722_WT-CHX_DAPI_Phal__Puro_60x_003.tiff:0026-0641-1070:27,1.129e-6,633.966,381,1111,7.161e-4,6101292,0.20896555464455951,CHX,NA
20,20230722_WT-CHX_DAPI_Phal__Puro_60x_003.tiff:0020-0807-1189:21,6.026e-7,652.848,416,1156,3.934e-4,3352377,0.22113992397409893,CHX,NA
21,20230722_WT-CHX_DAPI_Phal__Puro_60x_003.tiff:0017-0733-1577:18,6.546e-7,535.29,320,907,3.504e-4,2985847,0.1444447727619914,CHX,NA
22,20230722_WT-CHX_DAPI_Phal__Puro_60x_003.tiff:0026-0524-1177:27,8.547e-7,646.846,383,1181,5.529e-4,4710983,0.21721028916136415,CHX,NA
23,20230722_WT-CHX_DAPI_Phal__Puro_60x_003.tiff:0029-0506-1287:30,8.02e-7,615.39,358,1070,4.936e-4,4205575,0.1966943591678063,CHX,NA
24,20230722_WT-CHX_DAPI_Phal__Puro_60x_003.tiff:0026-0602-1380:27,8.38e-7,632.982,395,1106,5.304e-4,4519489,0.20812569765892902,CHX,NA
25,20230722_WT-CHX_DAPI_Phal__Puro_60x_003.tiff:0032-0316-0755:33,9.029e-7,689.921,356,1828,6.229e-4,5307565,0.24526675906421425,CHX,NA
26,20230722_WT-CHX_DAPI_Phal__Puro_60x_003.tiff:0032-0383-0985:33,7.576e-7,716.633,411,1333,5.429e-4,4625865,0.2626897044583213,CHX,NA
27,20230722_WT-CHX_DAPI_Phal__Puro_60x_003.tiff:0035-0321-1397:36,7.829e-7,569.87,370,944,4.462e-4,3801604,0.16698710371635303,CHX,NA
28,20230722_WT-CHX_DAPI_Phal__Puro_60x_003.tiff:0038-0315-1520:39,5.605e-7,478.891,306,821,2.684e-4,2287185,0.1076446062257385,CHX,NA
29,20230722_WT-CHX_DAPI_Phal__Puro_60x_003.tiff:0032-0231-1238:33,7.996e-7,576.919,335,1097,4.613e-4,3930548,0.17156842749489534,CHX,NA
30,20230722_WT-CHX_DAPI_Phal__Puro_60x_003.tiff:0032-0132-1158:33,8.175e-7,560.934,295,947,4.586e-4,3907468,0.1611675234342706,CHX,NA
