entry,name,area,mean,min,max,intden,rawintden,clone,norm_density
1,20230717_FOGFP_DAPI_GFP_Phal_Puro_60x_001.tiff:0047-0273-0610:48,9.531e-7,1973.473,1396,2900,0.002,16026575,syp RNAi clone,1.016242568326381
2,20230717_FOGFP_DAPI_GFP_Phal_Puro_60x_001.tiff:0055-0301-0303:56,9.747e-7,1898.704,1282,2854,0.002,15768733,syp RNAi clone,0.9621028839698107
3,20230717_FOGFP_DAPI_GFP_Phal_Puro_60x_001.tiff:0091-0216-0262:92,7.855e-7,1655.423,1112,2586,0.001,11079745,syp RNAi clone,0.7859882083949499
4,20230717_FOGFP_DAPI_GFP_Phal_Puro_60x_001.tiff:0067-1352-1318:68,7.138e-7,2145.625,1394,3158,0.002,13049691,syp RNAi clone,1.1408741122871342
5,20230717_FOGFP_DAPI_GFP_Phal_Puro_60x_001.tiff:0070-0860-1635:72,1.137e-6,1519.128,909,2413,0.002,14712755,syp RNAi clone,0.6869686870375303
1,20230717_FOGFP_DAPI_GFP_Phal_Puro_60x_001.tiff:0048-0919-0902:48,1.303e-6,2341.68,1454,3405,0.003,25997334,Wildtype,1.282764217479411
2,20230717_FOGFP_DAPI_GFP_Phal_Puro_60x_001.tiff:0052-1519-1151:52,1.317e-6,2093.993,1452,3029,0.003,23498795,Wildtype,1.1035447265531335
3,20230717_FOGFP_DAPI_GFP_Phal_Puro_60x_001.tiff:0056-1598-1286:56,1.15e-6,1834.192,1125,2830,0.002,17967746,Wildtype,0.9150377519853928
4,20230717_FOGFP_DAPI_GFP_Phal_Puro_60x_001.tiff:0044-1594-1444:44,1.15e-6,1722.414,1058,2574,0.002,16883099,Wildtype,0.8348975653044765
5,20230717_FOGFP_DAPI_GFP_Phal_Puro_60x_001.tiff:0032-1447-1251:32,1.067e-6,2213.768,1340,3490,0.002,20129788,Wildtype,1.1904773613558548
6,20230717_FOGFP_DAPI_GFP_Phal_Puro_60x_001.tiff:0044-1322-1188:44,7.896e-7,2162.53,1427,3337,0.002,14549505,Wildtype,1.153145791358116
7,20230717_FOGFP_DAPI_GFP_Phal_Puro_60x_001.tiff:0048-0766-0850:48,1.101e-6,2332.277,1584,3622,0.003,21881427,Wildtype,1.2761564100188343
8,20230717_FOGFP_DAPI_GFP_Phal_Puro_60x_001.tiff:0044-0763-1050:44,1.219e-6,2332.269,1625,3321,0.003,24225276,Wildtype,1.276065837134352
9,20230717_FOGFP_DAPI_GFP_Phal_Puro_60x_001.tiff:0048-0633-0900:48,1.345e-6,2208.24,1173,3286,0.003,25313056,Wildtype,1.1865972833262446
10,20230717_FOGFP_DAPI_GFP_Phal_Puro_60x_001.tiff:0040-0409-1017:40,1.079e-6,2066.547,1387,2965,0.002,18991567,Wildtype,1.0830173226227262
11,20230717_FOGFP_DAPI_GFP_Phal_Puro_60x_001.tiff:0036-0274-1038:36,7.45e-7,1934.304,1300,2963,0.001,12278960,Wildtype,0.9879154162467685
12,20230717_FOGFP_DAPI_GFP_Phal_Puro_60x_001.tiff:0048-0177-0521:48,9.02e-7,1769.962,1133,2629,0.002,13603925,Wildtype,0.8689701708986418
13,20230717_FOGFP_DAPI_GFP_Phal_Puro_60x_001.tiff:0064-0430-0439:64,1.026e-6,1960.322,1106,3135,0.002,17133211,Wildtype,1.0063715489438536
1,20230717_FOGFP_DAPI_GFP_Phal_Puro_60x_002.tiff:0047-0795-0949:48,1.286e-6,1521.612,1090,2306,0.002,16673820,syp RNAi clone,0.6891496166348458
2,20230717_FOGFP_DAPI_GFP_Phal_Puro_60x_002.tiff:0063-0820-1104:64,1.205e-6,1497.888,1036,2604,0.002,15375816,syp RNAi clone,0.6716772894550506
3,20230717_FOGFP_DAPI_GFP_Phal_Puro_60x_002.tiff:0047-0511-1061:48,1.157e-6,1741.811,1092,2780,0.002,17172519,syp RNAi clone,0.8486051869501776
4,20230717_FOGFP_DAPI_GFP_Phal_Puro_60x_002.tiff:0035-0635-0660:36,1.138e-6,1777.512,1053,2710,0.002,17232976,syp RNAi clone,0.874175013878649
5,20230717_FOGFP_DAPI_GFP_Phal_Puro_60x_002.tiff:0039-1343-0732:40,1.562e-6,1287.101,780,2373,0.002,17128746,syp RNAi clone,0.5192340916595943
6,20230717_FOGFP_DAPI_GFP_Phal_Puro_60x_002.tiff:0043-1187-0232:44,8.592e-7,1413.614,980,2172,0.001,10349069,syp RNAi clone,0.6109239237094771
7,20230717_FOGFP_DAPI_GFP_Phal_Puro_60x_002.tiff:0023-0146-0748:24,1.036e-6,1730.126,717,2731,0.002,15270092,syp RNAi clone,0.8398695510725988
8,20230717_FOGFP_DAPI_GFP_Phal_Puro_60x_002.tiff:0047-0179-0949:48,1.274e-6,1462.003,963,2386,0.002,15875891,syp RNAi clone,0.6463089560683908
9,20230717_FOGFP_DAPI_GFP_Phal_Puro_60x_002.tiff:0067-1525-0285:68,9.22e-7,1254.723,819,2056,0.001,9857100,syp RNAi clone,0.49587541399466684
1,20230717_FOGFP_DAPI_GFP_Phal_Puro_60x_002.tiff:0068-1222-1032:68,1.606e-6,1203.573,782,1961,0.002,16470899,Wildtype,0.45890160698670307
2,20230717_FOGFP_DAPI_GFP_Phal_Puro_60x_002.tiff:0048-1639-0965:48,9.639e-7,1166.319,715,2329,0.001,9578976,Wildtype,0.4318709365687091
3,20230717_FOGFP_DAPI_GFP_Phal_Puro_60x_002.tiff:0048-1448-0843:48,8.961e-7,1231.784,796,2372,0.001,9404673,Wildtype,0.47923151649120777
4,20230717_FOGFP_DAPI_GFP_Phal_Puro_60x_002.tiff:0036-1152-0561:36,1.048e-6,1488.267,1036,2390,0.002,13290228,Wildtype,0.6650074032814406
5,20230717_FOGFP_DAPI_GFP_Phal_Puro_60x_002.tiff:0036-1183-0664:36,8.749e-7,1346.436,946,2552,0.001,10037680,Wildtype,0.5623166111039359
6,20230717_FOGFP_DAPI_GFP_Phal_Puro_60x_002.tiff:0016-1388-0328:16,9.459e-7,2024.833,1096,3085,0.002,16320156,Wildtype,1.053490034821415
7,20230717_FOGFP_DAPI_GFP_Phal_Puro_60x_002.tiff:0024-1231-0410:24,1.103e-6,1911.367,1086,2940,0.002,17968758,Wildtype,0.9716846291644723
8,20230717_FOGFP_DAPI_GFP_Phal_Puro_60x_002.tiff:0036-0968-0333:36,7.445e-7,1769.973,1216,2989,0.001,11228706,Wildtype,0.8689917629324341
9,20230717_FOGFP_DAPI_GFP_Phal_Puro_60x_002.tiff:0036-0713-0463:36,8.598e-7,1621.947,850,2728,0.001,11882381,Wildtype,0.7617377132099389
10,20230717_FOGFP_DAPI_GFP_Phal_Puro_60x_002.tiff:0048-0684-0766:48,1.009e-6,1450.792,1006,2527,0.001,12476815,Wildtype,0.6381580949510308
11,20230717_FOGFP_DAPI_GFP_Phal_Puro_60x_002.tiff:0040-0629-0935:40,9.085e-7,1694.438,1177,2510,0.002,13116644,Wildtype,0.8142278075934559
12,20230717_FOGFP_DAPI_GFP_Phal_Puro_60x_002.tiff:0040-0528-0737:40,1.304e-6,1575.335,985,2592,0.002,17498818,Wildtype,0.7276994380920662
13,20230717_FOGFP_DAPI_GFP_Phal_Puro_60x_002.tiff:0040-0318-0816:40,9.122e-7,1460.275,942,2298,0.001,11350721,Wildtype,0.6447611909559199
14,20230717_FOGFP_DAPI_GFP_Phal_Puro_60x_002.tiff:0052-0368-1196:52,1.115e-6,1512.378,965,2519,0.002,14373641,Wildtype,0.6828204934896729
15,20230717_FOGFP_DAPI_GFP_Phal_Puro_60x_002.tiff:0060-0060-1132:60,1.056e-6,1452.468,980,2118,0.002,13067852,Wildtype,0.6389512431890995
16,20230717_FOGFP_DAPI_GFP_Phal_Puro_60x_002.tiff:0048-0453-0491:48,1.068e-6,1565.806,816,2481,0.002,14248839,Wildtype,0.72109485934983375
17,20230717_FOGFP_DAPI_GFP_Phal_Puro_60x_002.tiff:0032-0334-0426:32,7.705e-7,1733.737,1091,2648,0.001,11381985,Wildtype,0.8426510335097894
18,20230717_FOGFP_DAPI_GFP_Phal_Puro_60x_002.tiff:0036-0197-0620:36,7.012e-7,1725.916,985,2623,0.001,10312347,Wildtype,0.8370861188261324
19,20230717_FOGFP_DAPI_GFP_Phal_Puro_60x_002.tiff:0044-1027-0874:44,1.129e-6,1403.689,937,2205,0.002,13507703,Wildtype,0.6040670672309221
20,20230717_FOGFP_DAPI_GFP_Phal_Puro_60x_002.tiff:0044-1252-0953:44,1.284e-6,1459.29,828,2299,0.002,15970474,Wildtype,0.6443216159868468
21,20230717_FOGFP_DAPI_GFP_Phal_Puro_60x_002.tiff:0024-0629-0242:24,6.818e-7,1894.843,1232,2728,0.001,11007144,Wildtype,0.9592313078076756
22,20230717_FOGFP_DAPI_GFP_Phal_Puro_60x_002.tiff:0032-0529-0325:32,6.89e-7,1692.111,984,2565,0.001,9934385,Wildtype,0.8126017567025362
1,20230717_FOGFP_DAPI_GFP_Phal_Puro_60x_003.tiff:0041-0513-0502:44,1.127e-6,2188.209,1340,3335,0.002,21004618,syp RNAi clone,1.1710923357362217
2,20230717_FOGFP_DAPI_GFP_Phal_Puro_60x_003.tiff:0089-0188-0261:92,1.009e-6,1501.107,925,2081,0.002,12905015,syp RNAi clone,0.6742172268749733
3,20230717_FOGFP_DAPI_GFP_Phal_Puro_60x_003.tiff:0085-0074-0680:88,8.752e-7,1349.907,833,1875,0.001,10066256,syp RNAi clone,0.5647567586264601
4,20230717_FOGFP_DAPI_GFP_Phal_Puro_60x_003.tiff:0029-0793-1339:32,1.104e-6,1408.883,888,2436,0.002,13259001,syp RNAi clone,0.6079465176696239
5,20230717_FOGFP_DAPI_GFP_Phal_Puro_60x_003.tiff:0029-1325-0996:32,1.347e-6,1570.268,1043,2761,0.002,18020400,syp RNAi clone,0.7242016749422148
6,20230717_FOGFP_DAPI_GFP_Phal_Puro_60x_003.tiff:0029-1429-1110:32,1.505e-6,1372.395,959,2373,0.002,17595473,syp RNAi clone,0.5808736993382342
7,20230717_FOGFP_DAPI_GFP_Phal_Puro_60x_003.tiff:0025-1578-1497:28,9.333e-7,1128.112,711,2241,0.001,8970748,syp RNAi clone,0.4041822217187167
8,20230717_FOGFP_DAPI_GFP_Phal_Puro_60x_003.tiff:0021-1312-1401:24,7.355e-7,1213.696,777,3430,8.927e-4,7606235,syp RNAi clone,0.4661861168467835
1,20230717_FOGFP_DAPI_GFP_Phal_Puro_60x_003.tiff:0024-1119-0986:24,9.232e-7,1681.468,1090,2482,0.002,13226425,Wildtype,0.8047982999315767
2,20230717_FOGFP_DAPI_GFP_Phal_Puro_60x_003.tiff:0036-1530-1062:36,9.152e-7,1313.945,812,2480,0.001,10246144,Wildtype,0.5387444657852801
3,20230717_FOGFP_DAPI_GFP_Phal_Puro_60x_003.tiff:0032-1728-1230:32,1.341e-6,1245.218,855,2009,0.002,14226618,Wildtype,0.4889049206444964
4,20230717_FOGFP_DAPI_GFP_Phal_Puro_60x_003.tiff:0040-1589-1267:40,1.054e-6,1361.397,913,2393,0.001,12228065,Wildtype,0.5732465133489524
5,20230717_FOGFP_DAPI_GFP_Phal_Puro_60x_003.tiff:0052-1829-1094:52,1.142e-6,1129.76,729,1696,0.001,10995953,Wildtype,0.40561151600985196
6,20230717_FOGFP_DAPI_GFP_Phal_Puro_60x_003.tiff:0036-1323-1677:36,8.537e-7,1133.896,793,1684,9.68e-4,8247958,Wildtype,0.40839373645538934
7,20230717_FOGFP_DAPI_GFP_Phal_Puro_60x_003.tiff:0028-1223-1780:28,6.612e-7,1225.486,742,2084,8.103e-4,6904388,Wildtype,0.47473603575006657
8,20230717_FOGFP_DAPI_GFP_Phal_Puro_60x_003.tiff:0028-1174-1471:28,7.958e-7,1363.534,826,2387,0.001,9246124,Wildtype,0.5746972062946314
9,20230717_FOGFP_DAPI_GFP_Phal_Puro_60x_003.tiff:0036-0777-1633:36,7.916e-7,1730.59,1188,2581,0.001,11672827,Wildtype,0.8404128668806695
10,20230717_FOGFP_DAPI_GFP_Phal_Puro_60x_003.tiff:0040-0949-1165:40,1.814e-6,1528.924,1005,2599,0.003,23634107,Wildtype,0.6945094100228502
11,20230717_FOGFP_DAPI_GFP_Phal_Puro_60x_003.tiff:0036-0936-1036:36,8.259e-7,1664.836,1069,2746,0.001,11715450,Wildtype,0.7927627994435835
12,20230717_FOGFP_DAPI_GFP_Phal_Puro_60x_003.tiff:0036-0587-1299:36,1.033e-6,1339.04,912,2079,0.001,11783556,Wildtype,0.556723580965515
13,20230717_FOGFP_DAPI_GFP_Phal_Puro_60x_003.tiff:0028-0497-1182:28,1.178e-6,1761.536,859,2808,0.002,17685817,Wildtype,0.8631472749275632
14,20230717_FOGFP_DAPI_GFP_Phal_Puro_60x_003.tiff:0032-0431-0819:32,1.056e-6,2048.752,1277,3044,0.002,18440820,Wildtype,1.0712760007023543
15,20230717_FOGFP_DAPI_GFP_Phal_Puro_60x_003.tiff:0032-0573-0894:32,8.449e-7,1651.132,922,2526,0.001,11886499,Wildtype,0.7828602574623481
16,20230717_FOGFP_DAPI_GFP_Phal_Puro_60x_003.tiff:0068-0259-0916:68,1.001e-6,1724.776,903,2684,0.002,14705440,Wildtype,0.8357297161709071
17,20230717_FOGFP_DAPI_GFP_Phal_Puro_60x_003.tiff:0072-0837-0864:72,1.282e-6,1579.833,1086,2560,0.002,17259674,Wildtype,0.7314164250227487
18,20230717_FOGFP_DAPI_GFP_Phal_Puro_60x_003.tiff:0048-0449-1000:48,1.242e-6,1723.026,996,2424,0.002,18231343,Wildtype,0.83473310609984
19,20230717_FOGFP_DAPI_GFP_Phal_Puro_60x_003.tiff:0056-0944-1340:56,1.682e-6,1280.816,801,2069,0.002,18357941,Wildtype,0.5148536095031266
1,20230717_FOGFP_DAPI_GFP_Phal_Puro_60x_004.tiff:0049-0735-0797:52,1.618e-6,1916.276,1236,2696,0.003,26421618,syp RNAi clone,0.9749980671773211
2,20230717_FOGFP_DAPI_GFP_Phal_Puro_60x_004.tiff:0061-1547-0742:64,1.023e-6,1397.889,953,3191,0.001,12189595,syp RNAi clone,0.5999231601536266
3,20230717_FOGFP_DAPI_GFP_Phal_Puro_60x_004.tiff:0041-1722-0949:44,1.009e-6,1394.446,991,2159,0.001,11985263,syp RNAi clone,0.5967640304590229
4,20230717_FOGFP_DAPI_GFP_Phal_Puro_60x_004.tiff:0033-0937-0223:36,7.834e-7,1711.474,1108,2396,0.001,11424090,syp RNAi clone,0.8265492008119874
1,20230717_FOGFP_DAPI_GFP_Phal_Puro_60x_004.tiff:0012-1224-0487:12,8.944e-7,1709.921,970,2781,0.002,13031307,Wildtype,0.8254601953831091
2,20230717_FOGFP_DAPI_GFP_Phal_Puro_60x_004.tiff:0012-0968-0488:12,9.32e-7,2301.246,1428,3341,0.002,18274196,Wildtype,1.2535009492608475
3,20230717_FOGFP_DAPI_GFP_Phal_Puro_60x_004.tiff:0020-1027-0635:20,5.521e-7,1999.605,1251,2726,0.001,9406144,Wildtype,1.0350904666604435
4,20230717_FOGFP_DAPI_GFP_Phal_Puro_60x_004.tiff:0024-0844-0844:24,1.468e-6,2287.537,1610,3605,0.003,28607936,Wildtype,1.2433206934168033
5,20230717_FOGFP_DAPI_GFP_Phal_Puro_60x_004.tiff:0020-1089-0861:20,9.482e-7,2321.674,1452,3568,0.002,18756803,Wildtype,1.2682836121401397
6,20230717_FOGFP_DAPI_GFP_Phal_Puro_60x_004.tiff:0028-1472-1046:28,8.552e-7,2026.273,1213,3145,0.002,14765450,Wildtype,1.05450278526086
7,20230717_FOGFP_DAPI_GFP_Phal_Puro_60x_004.tiff:0048-1914-0883:48,1.287e-6,1377.768,969,2207,0.002,15107228,Wildtype,0.5848658512784751
8,20230717_FOGFP_DAPI_GFP_Phal_Puro_60x_004.tiff:0036-1831-0796:36,6.975e-7,1346.231,895,1978,9.39e-4,8000651,Wildtype,0.5621060501243984
9,20230717_FOGFP_DAPI_GFP_Phal_Puro_60x_004.tiff:0052-1508-0514:52,8.603e-7,1310.901,930,2097,0.001,9608902,Wildtype,0.5365115808159846
10,20230717_FOGFP_DAPI_GFP_Phal_Puro_60x_004.tiff:0048-1462-0801:48,1.196e-6,1631.618,1088,3510,0.002,16624556,Wildtype,0.7685517398977384
11,20230717_FOGFP_DAPI_GFP_Phal_Puro_60x_004.tiff:0020-1466-0247:20,7.88e-7,1548.887,948,2520,0.001,10399224,Wildtype,0.7088062573393915
12,20230717_FOGFP_DAPI_GFP_Phal_Puro_60x_004.tiff:0024-1131-1078:24,9.943e-7,3047.315,1425,4468,0.003,25816855,Wildtype,1.7936775554707096
13,20230717_FOGFP_DAPI_GFP_Phal_Puro_60x_004.tiff:0020-0661-1010:20,9.307e-7,3120.753,2056,4415,0.003,24747568,Wildtype,1.846818719204643
14,20230717_FOGFP_DAPI_GFP_Phal_Puro_60x_004.tiff:0032-0584-0868:32,1.218e-6,2471.759,1675,3551,0.003,25656863,Wildtype,1.3773210931595397
15,20230717_FOGFP_DAPI_GFP_Phal_Puro_60x_004.tiff:0032-0171-1015:32,8.965e-7,2374.89,1133,3374,0.002,18141786,Wildtype,1.3069234212316416
16,20230717_FOGFP_DAPI_GFP_Phal_Puro_60x_004.tiff:0032-0407-0491:32,7.958e-7,2148.102,1372,3000,0.002,14566279,Wildtype,1.1427387792344599
17,20230717_FOGFP_DAPI_GFP_Phal_Puro_60x_004.tiff:0024-0353-0851:24,6.78e-7,2497.083,1415,3789,0.002,14425647,Wildtype,1.3953359809094812
18,20230717_FOGFP_DAPI_GFP_Phal_Puro_60x_004.tiff:0020-0555-1241:20,1.054e-6,3559.986,1558,5298,0.004,31975790,Wildtype,2.165221466445699
19,20230717_FOGFP_DAPI_GFP_Phal_Puro_60x_004.tiff:0048-0662-0629:48,1.311e-6,2301.348,1068,3266,0.003,25710657,Wildtype,1.2538390138359663
1,20230717_FOGFP_DAPI_GFP_Phal_Puro_60x_005.tiff:0033-0949-1332:36,1.392e-6,3086.305,1837,4817,0.004,36609754,syp RNAi clone,1.8221638708844257
2,20230717_FOGFP_DAPI_GFP_Phal_Puro_60x_005.tiff:0037-0675-1550:40,1.098e-6,2472.149,1751,3892,0.003,23136839,syp RNAi clone,1.3779204991975917
3,20230717_FOGFP_DAPI_GFP_Phal_Puro_60x_005.tiff:0029-0767-1674:32,1.182e-6,2348.574,1020,3710,0.003,23661887,syp RNAi clone,1.2884240397535243
4,20230717_FOGFP_DAPI_GFP_Phal_Puro_60x_005.tiff:0037-0890-1783:40,1.19e-6,2393.671,1595,3537,0.003,24264643,syp RNAi clone,1.320027303523154
5,20230717_FOGFP_DAPI_GFP_Phal_Puro_60x_005.tiff:0065-0891-1559:68,1.34e-6,2214.034,1437,3209,0.003,25277630,syp RNAi clone,1.1903178146163444
6,20230717_FOGFP_DAPI_GFP_Phal_Puro_60x_005.tiff:0085-0492-1714:88,8.072e-7,1977.877,1412,2743,0.002,13603839,syp RNAi clone,1.0194639412628428
1,20230717_FOGFP_DAPI_GFP_Phal_Puro_60x_005.tiff:0072-1251-1332:72,1.354e-6,1861.478,1270,3053,0.003,21483322,Wildtype,0.9356369952695696
2,20230717_FOGFP_DAPI_GFP_Phal_Puro_60x_005.tiff:0068-1093-1309:68,1.318e-6,3209.2,1945,4461,0.004,36036111,Wildtype,1.910650436602706
3,20230717_FOGFP_DAPI_GFP_Phal_Puro_60x_005.tiff:0032-0599-1111:32,1.123e-6,3145.397,1948,4705,0.004,30110881,Wildtype,1.8657345655276778
4,20230717_FOGFP_DAPI_GFP_Phal_Puro_60x_005.tiff:0040-0753-1130:40,1.02e-6,3226.543,2129,4482,0.003,28038655,Wildtype,1.9231720274507498
5,20230717_FOGFP_DAPI_GFP_Phal_Puro_60x_005.tiff:0032-0647-0905:32,7.062e-7,5249.041,2338,7207,0.004,31583477,Wildtype,3.387547061537352
6,20230717_FOGFP_DAPI_GFP_Phal_Puro_60x_005.tiff:0040-0445-0947:40,8.672e-7,2864.908,2019,4139,0.002,21168806,Wildtype,1.6616078161117405
7,20230717_FOGFP_DAPI_GFP_Phal_Puro_60x_005.tiff:0040-0353-0789:40,7.42e-7,2468.271,1698,3612,0.002,15604408,Wildtype,1.374385547784095
8,20230717_FOGFP_DAPI_GFP_Phal_Puro_60x_005.tiff:0044-0225-0832:44,1.077e-6,2153.399,1394,3191,0.002,19753125,Wildtype,1.1458769321994924
9,20230717_FOGFP_DAPI_GFP_Phal_Puro_60x_005.tiff:0024-0280-0632:24,1.255e-6,2375.876,1331,3440,0.003,25414749,Wildtype,1.3081605287525286
10,20230717_FOGFP_DAPI_GFP_Phal_Puro_60x_005.tiff:0028-0347-1354:28,7.255e-7,2415.059,1707,3456,0.002,14929896,Wildtype,1.336027911467426
11,20230717_FOGFP_DAPI_GFP_Phal_Puro_60x_005.tiff:0024-0475-1508:24,9.965e-7,2441.44,1406,3825,0.002,20730271,Wildtype,1.3550876188052876
12,20230717_FOGFP_DAPI_GFP_Phal_Puro_60x_005.tiff:0028-0987-1500:28,7.014e-7,2541.755,1581,3560,0.002,15189527,Wildtype,1.42756014545282
13,20230717_FOGFP_DAPI_GFP_Phal_Puro_60x_005.tiff:0044-0823-1424:44,1.513e-6,2569.731,1616,3936,0.004,33139249,Wildtype,1.4485469726411635
14,20230717_FOGFP_DAPI_GFP_Phal_Puro_60x_005.tiff:0036-1485-1522:36,5.965e-7,1398.114,996,2339,8.34e-4,7106615,Wildtype,0.5997802587874749
1,20230717_FOGFP_DAPI_GFP_Phal_Puro_60x_006.tiff:0032-1528-0952:32,1.39e-6,2361.451,1304,3602,0.003,27959574,syp RNAi clone,1.2966052251240885
2,20230717_FOGFP_DAPI_GFP_Phal_Puro_60x_006.tiff:0056-1439-0745:56,1.64e-6,1743.542,1179,2644,0.003,24360772,syp RNAi clone,0.8496119293441713
3,20230717_FOGFP_DAPI_GFP_Phal_Puro_60x_006.tiff:0032-0435-0650:32,1.668e-6,1806.983,1058,2723,0.003,25686258,syp RNAi clone,0.8959459548970368
4,20230717_FOGFP_DAPI_GFP_Phal_Puro_60x_006.tiff:0028-0954-0506:28,1.223e-6,2109.69,1290,3241,0.003,21993515,syp RNAi clone,1.1154897553679757
5,20230717_FOGFP_DAPI_GFP_Phal_Puro_60x_006.tiff:0028-1066-0313:28,1.407e-6,1987.652,1347,2983,0.003,23835917,syp RNAi clone,1.0269267205947816
6,20230717_FOGFP_DAPI_GFP_Phal_Puro_60x_006.tiff:0040-0525-0190:40,7.026e-7,1792.796,1165,3021,0.001,10733469,syp RNAi clone,0.8855244862697846
7,20230717_FOGFP_DAPI_GFP_Phal_Puro_60x_006.tiff:0084-0382-0624:84,9.626e-7,1505.424,1082,2103,0.001,12347485,syp RNAi clone,0.6773880350158541
1,20230717_FOGFP_DAPI_GFP_Phal_Puro_60x_006.tiff:0051-1426-0542:52,1.078e-6,1991.936,1277,2923,0.002,18301911,Wildtype,1.030045395400629
2,20230717_FOGFP_DAPI_GFP_Phal_Puro_60x_006.tiff:0055-1305-0526:56,1.068e-6,2070.801,1304,2995,0.002,18852575,Wildtype,1.0873628190367262
3,20230717_FOGFP_DAPI_GFP_Phal_Puro_60x_006.tiff:0047-1902-1079:48,1.435e-6,1822.057,875,2775,0.003,22271000,Wildtype,0.9061783612685145
4,20230717_FOGFP_DAPI_GFP_Phal_Puro_60x_006.tiff:0055-1875-0875:56,8.435e-7,1798.37,953,2598,0.002,12924883,Wildtype,0.8894445394754806
5,20230717_FOGFP_DAPI_GFP_Phal_Puro_60x_006.tiff:0023-1819-1002:24,6.641e-7,1799.901,1098,3200,0.001,10185641,Wildtype,0.8906843150172802
6,20230717_FOGFP_DAPI_GFP_Phal_Puro_60x_006.tiff:0027-1131-0746:28,1.189e-6,2347.662,1500,3448,0.003,23788857,Wildtype,1.287483621146572
7,20230717_FOGFP_DAPI_GFP_Phal_Puro_60x_006.tiff:0019-1226-0838:20,1.142e-6,2307.711,1173,3374,0.003,22460953,Wildtype,1.2586482351796036
8,20230717_FOGFP_DAPI_GFP_Phal_Puro_60x_006.tiff:0031-1023-0640:32,1.49e-6,2124.851,1378,3303,0.003,26968603,Wildtype,1.1253872125765267
9,20230717_FOGFP_DAPI_GFP_Phal_Puro_60x_006.tiff:0039-0930-0704:40,1.272e-6,2073.898,1262,3070,0.003,22472759,Wildtype,1.0886407151137114
10,20230717_FOGFP_DAPI_GFP_Phal_Puro_60x_006.tiff:0023-1181-0479:24,9.331e-7,2123.853,1200,3281,0.002,16886759,Wildtype,1.1251957679295213
11,20230717_FOGFP_DAPI_GFP_Phal_Puro_60x_006.tiff:0027-0547-0634:28,1.063e-6,1893.681,1337,2744,0.002,17152960,Wildtype,0.958562352637948
12,20230717_FOGFP_DAPI_GFP_Phal_Puro_60x_006.tiff:0023-0423-0783:24,1.209e-6,1874.432,1241,2712,0.002,19316022,Wildtype,0.945008952852438
13,20230717_FOGFP_DAPI_GFP_Phal_Puro_60x_006.tiff:0047-0337-0774:48,9.059e-7,1717.961,1209,2423,0.002,13260944,Wildtype,0.8312832960098367
1,20230724_FOGFP-syp-temp_DAPI_GFP_Phal_Puro_60x_001.tiff:0027-1387-1173:28,7.714e-7,567.352,359,952,4.377e-4,3729202,syp RNAi clone,1.203487689754751
2,20230724_FOGFP-syp-temp_DAPI_GFP_Phal_Puro_60x_001.tiff:0031-1092-1434:32,9.334e-7,572.978,370,921,5.348e-4,4556892,syp RNAi clone,1.2215893419434858
3,20230724_FOGFP-syp-temp_DAPI_GFP_Phal_Puro_60x_001.tiff:0027-1064-1015:28,9.1e-7,572.85,358,1010,5.213e-4,4441882,syp RNAi clone,1.2212681209719665
4,20230724_FOGFP-syp-temp_DAPI_GFP_Phal_Puro_60x_001.tiff:0067-1187-1047:68,1.092e-6,533.619,365,855,5.826e-4,4964257,syp RNAi clone,1.0940914849388885
1,20230724_FOGFP-syp-temp_DAPI_GFP_Phal_Puro_60x_001.tiff:0036-0983-0968:36,7.075e-7,636.994,376,1010,4.506e-4,3839802,Wildtype,1.4284795992210029
2,20230724_FOGFP-syp-temp_DAPI_GFP_Phal_Puro_60x_001.tiff:0032-0925-1109:32,8.662e-7,639.302,396,1150,5.538e-4,4718690,Wildtype,1.436179890474164
3,20230724_FOGFP-syp-temp_DAPI_GFP_Phal_Puro_60x_001.tiff:0028-1348-0980:28,8.016e-7,571.754,359,1050,4.583e-4,3905081,Wildtype,1.2176326806054876
4,20230724_FOGFP-syp-temp_DAPI_GFP_Phal_Puro_60x_001.tiff:0032-1285-1131:32,8.623e-7,571.295,351,981,4.926e-4,4197303,Wildtype,1.2160993255627681
5,20230724_FOGFP-syp-temp_DAPI_GFP_Phal_Puro_60x_001.tiff:0028-1522-0948:28,8.357e-7,566.956,363,991,4.738e-4,4037292,Wildtype,1.2022357095571592
6,20230724_FOGFP-syp-temp_DAPI_GFP_Phal_Puro_60x_001.tiff:0032-1768-1067:32,7.589e-7,591.193,358,946,4.486e-4,3822657,Wildtype,1.2804284519383484
7,20230724_FOGFP-syp-temp_DAPI_GFP_Phal_Puro_60x_001.tiff:0024-1668-1197:24,6.544e-7,549.203,306,924,3.594e-4,3062356,Wildtype,1.1447913987064169
8,20230724_FOGFP-syp-temp_DAPI_GFP_Phal_Puro_60x_001.tiff:0024-0980-1360:24,6.767e-7,618.565,380,1139,4.186e-4,3566647,Wildtype,1.369045558135671
9,20230724_FOGFP-syp-temp_DAPI_GFP_Phal_Puro_60x_001.tiff:0032-1187-1592:32,6.258e-7,537.765,355,814,3.365e-4,2867362,Wildtype,1.1077102679365967
10,20230724_FOGFP-syp-temp_DAPI_GFP_Phal_Puro_60x_001.tiff:0032-1516-1618:32,5.528e-7,598.039,395,975,3.306e-4,2816766,Wildtype,1.3025689317910205
11,20230724_FOGFP-syp-temp_DAPI_GFP_Phal_Puro_60x_001.tiff:0052-0541-0804:52,8.625e-7,497.28,325,1087,4.289e-4,3654508,Wildtype,0.9768767413168022
12,20230724_FOGFP-syp-temp_DAPI_GFP_Phal_Puro_60x_001.tiff:0060-0513-1212:60,9.208e-7,556.412,373,891,5.124e-4,4365608,Wildtype,1.1681135288825462
13,20230724_FOGFP-syp-temp_DAPI_GFP_Phal_Puro_60x_001.tiff:0064-0409-1277:64,1.05e-6,485.919,341,779,5.103e-4,4348003,Wildtype,0.9403911579405251
14,20230724_FOGFP-syp-temp_DAPI_GFP_Phal_Puro_60x_001.tiff:0040-0224-0892:40,9.233e-7,465.189,321,770,4.295e-4,3659642,Wildtype,0.873115446564802
15,20230724_FOGFP-syp-temp_DAPI_GFP_Phal_Puro_60x_001.tiff:0060-0189-1047:60,7.697e-7,450.113,324,684,3.464e-4,2951842,Wildtype,0.8243193543369901
1,20230724_FOGFP-syp-temp_DAPI_GFP_Phal_Puro_60x_002.tiff:0027-1131-1214:28,1.087e-6,581.442,339,1026,6.323e-4,5387643,syp RNAi clone,1.249819085418774
2,20230724_FOGFP-syp-temp_DAPI_GFP_Phal_Puro_60x_002.tiff:0047-1582-0994:48,1.067e-6,536.204,333,902,5.723e-4,4876242,syp RNAi clone,1.1032079363908005
3,20230724_FOGFP-syp-temp_DAPI_GFP_Phal_Puro_60x_002.tiff:0051-1314-0549:52,1.354e-6,466.745,321,767,6.318e-4,5383435,syp RNAi clone,0.8777806130928275
4,20230724_FOGFP-syp-temp_DAPI_GFP_Phal_Puro_60x_002.tiff:0031-0555-1417:32,1.047e-6,515.923,308,939,5.4e-4,4601004,syp RNAi clone,1.0365835031976653
1,20230724_FOGFP-syp-temp_DAPI_GFP_Phal_Puro_60x_002.tiff:0024-1841-0879:24,8.235e-7,527.157,331,861,4.341e-4,3699058,Wildtype,1.0735449239620718
2,20230724_FOGFP-syp-temp_DAPI_GFP_Phal_Puro_60x_002.tiff:0036-1855-1025:36,1.079e-6,532.433,311,956,5.746e-4,4896255,Wildtype,1.090960388711397
3,20230724_FOGFP-syp-temp_DAPI_GFP_Phal_Puro_60x_002.tiff:0032-1620-1136:32,8.335e-7,580.377,331,1023,4.837e-4,4121835,Wildtype,1.2455615972899938
4,20230724_FOGFP-syp-temp_DAPI_GFP_Phal_Puro_60x_002.tiff:0064-0944-0453:64,1.012e-6,413.556,289,669,4.187e-4,3567332,Wildtype,0.7066828870003822
5,20230724_FOGFP-syp-temp_DAPI_GFP_Phal_Puro_60x_002.tiff:0060-1064-0697:60,8.199e-7,444.563,308,823,3.645e-4,3105717,Wildtype,0.8064348426704073
6,20230724_FOGFP-syp-temp_DAPI_GFP_Phal_Puro_60x_002.tiff:0044-1098-0776:44,8.493e-7,460.579,306,831,3.912e-4,3333211,Wildtype,0.8583180922158654
7,20230724_FOGFP-syp-temp_DAPI_GFP_Phal_Puro_60x_002.tiff:0028-1391-1178:28,1.036e-6,598.379,340,1095,6.201e-4,5283683,Wildtype,1.3043249484415087
8,20230724_FOGFP-syp-temp_DAPI_GFP_Phal_Puro_60x_002.tiff:0024-1163-1053:24,7.873e-7,579.425,369,961,4.562e-4,3886783,Wildtype,1.2423888062219528
9,20230724_FOGFP-syp-temp_DAPI_GFP_Phal_Puro_60x_002.tiff:0024-1638-0678:24,6.597e-7,568.292,338,995,3.749e-4,3194369,Wildtype,1.2064565396847602
10,20230724_FOGFP-syp-temp_DAPI_GFP_Phal_Puro_60x_002.tiff:0036-0762-0838:36,8.708e-7,478.122,287,954,4.164e-4,3547667,Wildtype,0.9149975353849784
11,20230724_FOGFP-syp-temp_DAPI_GFP_Phal_Puro_60x_002.tiff:0044-0846-1235:44,7.289e-7,489.879,307,902,3.571e-4,3042637,Wildtype,0.9530382679761329
12,20230724_FOGFP-syp-temp_DAPI_GFP_Phal_Puro_60x_002.tiff:0032-0713-1412:32,8.591e-7,488.335,296,1028,4.195e-4,3574609,Wildtype,0.9479501526425698
13,20230724_FOGFP-syp-temp_DAPI_GFP_Phal_Puro_60x_002.tiff:0040-0434-0827:40,1.202e-6,474.154,293,814,5.7e-4,4856762,Wildtype,0.9022996312088553
14,20230724_FOGFP-syp-temp_DAPI_GFP_Phal_Puro_60x_002.tiff:0036-0406-1291:36,9.862e-7,446.139,297,861,4.4e-4,3748903,Wildtype,0.8115346006073799
15,20230724_FOGFP-syp-temp_DAPI_GFP_Phal_Puro_60x_002.tiff:0056-0204-1141:56,6.46e-7,428.325,277,718,2.767e-4,2357503,Wildtype,0.753868150535985
1,20230724_FOGFP-syp-temp_DAPI_GFP_Phal_Puro_60x_003.tiff:0025-1897-1197:28,1.665e-6,497.667,327,857,8.287e-4,7061403,syp RNAi clone,0.9783839513164637
2,20230724_FOGFP-syp-temp_DAPI_GFP_Phal_Puro_60x_003.tiff:0029-1580-1539:32,1.148e-6,458.708,293,755,5.267e-4,4487543,syp RNAi clone,0.8523808645828489
3,20230724_FOGFP-syp-temp_DAPI_GFP_Phal_Puro_60x_003.tiff:0029-1160-0919:32,1.369e-6,561.594,315,1012,7.686e-4,6548742,syp RNAi clone,1.1842368220498842
4,20230724_FOGFP-syp-temp_DAPI_GFP_Phal_Puro_60x_003.tiff:0025-0985-1037:28,1.487e-6,574.525,350,956,8.544e-4,7279810,syp RNAi clone,1.2267497516144417
5,20230724_FOGFP-syp-temp_DAPI_GFP_Phal_Puro_60x_003.tiff:0025-0606-0566:28,1.112e-6,474.566,316,869,5.279e-4,4497934,syp RNAi clone,0.9039453875718446
6,20230724_FOGFP-syp-temp_DAPI_GFP_Phal_Puro_60x_003.tiff:0041-0420-1120:44,8.431e-7,520.273,324,810,4.387e-4,3737639,syp RNAi clone,1.0512851971296373
1,20230724_FOGFP-syp-temp_DAPI_GFP_Phal_Puro_60x_003.tiff:0031-1690-1055:32,1.326e-6,538.121,342,927,7.135e-4,6079694,Wildtype,1.1088765196963286
2,20230724_FOGFP-syp-temp_DAPI_GFP_Phal_Puro_60x_003.tiff:0019-1625-1263:20,9.64e-7,491.933,323,811,4.742e-4,4040735,Wildtype,0.9596208202104795
3,20230724_FOGFP-syp-temp_DAPI_GFP_Phal_Puro_60x_003.tiff:0019-1741-1584:20,9.541e-7,457.572,275,889,4.366e-4,3720060,Wildtype,0.8485923773814684
4,20230724_FOGFP-syp-temp_DAPI_GFP_Phal_Puro_60x_003.tiff:0007-1419-1149:8,1.217e-6,584.73,318,1053,7.114e-4,6061313,Wildtype,1.258964914023284
5,20230724_FOGFP-syp-temp_DAPI_GFP_Phal_Puro_60x_003.tiff:0015-1396-0913:16,1.128e-6,590.65,341,966,6.661e-4,5675558,Wildtype,1.2783114088686867
6,20230724_FOGFP-syp-temp_DAPI_GFP_Phal_Puro_60x_003.tiff:0019-1005-1213:20,1.067e-6,545.43,321,1126,5.821e-4,4960142,Wildtype,1.1330442227253548
7,20230724_FOGFP-syp-temp_DAPI_GFP_Phal_Puro_60x_003.tiff:0031-1281-1285:32,1.272e-6,580.003,334,1157,7.379e-4,6287808,Wildtype,1.2448149758481764
8,20230724_FOGFP-syp-temp_DAPI_GFP_Phal_Puro_60x_003.tiff:0024-1393-1566:24,1.109e-6,519.645,317,1039,5.764e-4,4911166,Wildtype,1.0494843187257341
9,20230724_FOGFP-syp-temp_DAPI_GFP_Phal_Puro_60x_003.tiff:0028-0880-0880:28,1.063e-6,566.816,332,992,6.023e-4,5131948,Wildtype,1.201008789125038
10,20230724_FOGFP-syp-temp_DAPI_GFP_Phal_Puro_60x_003.tiff:0035-0819-0673:36,9.915e-7,489.224,299,869,4.85e-4,4132965,Wildtype,0.950803519320924
11,20230724_FOGFP-syp-temp_DAPI_GFP_Phal_Puro_60x_003.tiff:0035-1004-0784:36,9.768e-7,573.889,363,1058,5.606e-4,4776482,Wildtype,1.2245842024034073
12,20230724_FOGFP-syp-temp_DAPI_GFP_Phal_Puro_60x_003.tiff:0051-0621-0913:52,1.144e-6,577.444,345,894,6.603e-4,5626614,Wildtype,1.2353757845106847
13,20230724_FOGFP-syp-temp_DAPI_GFP_Phal_Puro_60x_003.tiff:0051-0444-0960:52,9.939e-7,533.268,348,903,5.3e-4,4516246,Wildtype,1.0933103197582124
14,20230724_FOGFP-syp-temp_DAPI_GFP_Phal_Puro_60x_003.tiff:0047-0420-0585:48,6.164e-7,449.74,289,784,2.772e-4,2362035,Wildtype,0.823154039392165
15,20230724_FOGFP-syp-temp_DAPI_GFP_Phal_Puro_60x_003.tiff:0055-0541-0265:56,9.68e-7,449.288,267,809,4.349e-4,3705729,Wildtype,0.8217304948186309
16,20230724_FOGFP-syp-temp_DAPI_GFP_Phal_Puro_60x_003.tiff:0023-0913-1251:24,9.449e-7,485.42,305,938,4.587e-4,3908117,Wildtype,0.938515181232714
17,20230724_FOGFP-syp-temp_DAPI_GFP_Phal_Puro_60x_003.tiff:0023-0779-1470:24,6.312e-7,584.649,394,971,3.69e-4,3144244,Wildtype,1.2592831128043254
1,20230724_FOGFP-syp-temp_DAPI_GFP_Phal_Puro_60x_004.tiff:0019-1165-0939:20,1.43e-6,542.528,357,1107,7.758e-4,6610708,syp RNAi clone,1.123251661944218
2,20230724_FOGFP-syp-temp_DAPI_GFP_Phal_Puro_60x_004.tiff:0023-0339-0984:24,1.343e-6,531.978,307,1050,7.144e-4,6086895,syp RNAi clone,1.0888889696110817
3,20230724_FOGFP-syp-temp_DAPI_GFP_Phal_Puro_60x_004.tiff:0043-1844-1435:44,2.364e-6,408.386,263,792,9.655e-4,8226531,syp RNAi clone,0.6895655908370268
4,20230724_FOGFP-syp-temp_DAPI_GFP_Phal_Puro_60x_004.tiff:0047-0479-0286:48,9.615e-7,396.919,278,652,3.817e-4,3251955,syp RNAi clone,0.6524743860859579
1,20230724_FOGFP-syp-temp_DAPI_GFP_Phal_Puro_60x_004.tiff:0016-1648-1009:16,1.016e-6,529.274,323,911,5.375e-4,4579804,Wildtype,1.0795429378136756
2,20230724_FOGFP-syp-temp_DAPI_GFP_Phal_Puro_60x_004.tiff:0012-1793-1188:12,9.262e-7,529.325,332,1028,4.903e-4,4177433,Wildtype,1.0805338513553064
3,20230724_FOGFP-syp-temp_DAPI_GFP_Phal_Puro_60x_004.tiff:0012-1749-1614:12,1.403e-6,508.513,300,918,7.136e-4,6080793,Wildtype,1.0136924124154385
4,20230724_FOGFP-syp-temp_DAPI_GFP_Phal_Puro_60x_004.tiff:0020-1868-1307:20,8.303e-7,436.4,290,836,3.624e-4,3087533,Wildtype,0.7801217635686007
5,20230724_FOGFP-syp-temp_DAPI_GFP_Phal_Puro_60x_004.tiff:0028-1461-1380:28,1.306e-6,537.411,331,1036,7.016e-4,5978156,Wildtype,1.1060181294621765
6,20230724_FOGFP-syp-temp_DAPI_GFP_Phal_Puro_60x_004.tiff:0028-1410-0813:28,1.189e-6,492.954,306,905,5.859e-4,4992147,Wildtype,0.9622677954495487
7,20230724_FOGFP-syp-temp_DAPI_GFP_Phal_Puro_60x_004.tiff:0016-1099-1299:16,1.212e-6,588.433,324,1134,7.132e-4,6077336,Wildtype,1.2717776105332161
8,20230724_FOGFP-syp-temp_DAPI_GFP_Phal_Puro_60x_004.tiff:0020-0920-1143:20,1.353e-6,543.038,319,1152,7.346e-4,6259054,Wildtype,1.1244595994513664
9,20230724_FOGFP-syp-temp_DAPI_GFP_Phal_Puro_60x_004.tiff:0016-0881-1249:16,1.055e-6,596.635,344,1163,6.296e-4,5364349,Wildtype,1.2984856452273699
10,20230724_FOGFP-syp-temp_DAPI_GFP_Phal_Puro_60x_004.tiff:0024-0686-1188:24,1.053e-6,544.894,338,1011,5.738e-4,4888793,Wildtype,1.1307857678871744
11,20230724_FOGFP-syp-temp_DAPI_GFP_Phal_Puro_60x_004.tiff:0032-0665-1298:32,9.813e-7,522.72,316,1027,5.129e-4,4370458,Wildtype,1.0590764681297762
12,20230724_FOGFP-syp-temp_DAPI_GFP_Phal_Puro_60x_004.tiff:0056-0214-0657:56,1.244e-6,419.898,254,731,5.224e-4,4451338,Wildtype,0.7268747350584576
13,20230724_FOGFP-syp-temp_DAPI_GFP_Phal_Puro_60x_004.tiff:0064-0341-0270:64,9.052e-7,405.561,267,767,3.671e-4,3128089,Wildtype,0.6803709876373034
14,20230724_FOGFP-syp-temp_DAPI_GFP_Phal_Puro_60x_004.tiff:0064-0506-0435:64,9.338e-7,413.394,274,711,3.86e-4,3289374,Wildtype,0.7057480826140307
15,20230724_FOGFP-syp-temp_DAPI_GFP_Phal_Puro_60x_004.tiff:0044-0378-0777:44,1.231e-6,468.701,292,842,5.769e-4,4915737,Wildtype,0.8843596076818588
16,20230724_FOGFP-syp-temp_DAPI_GFP_Phal_Puro_60x_004.tiff:0024-0697-1009:24,1.534e-6,568.213,349,1240,8.715e-4,7425410,Wildtype,1.2058494669349349
17,20230724_FOGFP-syp-temp_DAPI_GFP_Phal_Puro_60x_004.tiff:0024-0500-1316:24,9.435e-7,534.218,345,869,5.04e-4,4294579,Wildtype,1.0962657549348853
1,20230724_FOGFP-syp-temp_DAPI_GFP_Phal_Puro_60x_005.tiff:0015-0825-1040:16,1.143e-6,466.936,276,860,5.339e-4,4548891,syp RNAi clone,0.8792350630179856
2,20230724_FOGFP-syp-temp_DAPI_GFP_Phal_Puro_60x_005.tiff:0015-1952-1184:16,8.689e-7,433.485,285,709,3.767e-4,3209523,syp RNAi clone,0.7707123121365849
3,20230724_FOGFP-syp-temp_DAPI_GFP_Phal_Puro_60x_005.tiff:0051-0574-0381:52,9.733e-7,389.863,249,648,3.794e-4,3233134,syp RNAi clone,0.6295781100861925
4,20230724_FOGFP-syp-temp_DAPI_GFP_Phal_Puro_60x_005.tiff:0043-1252-1005:44,1.421e-6,447.456,275,813,6.36e-4,5419140,syp RNAi clone,0.8161821551225626
5,20230724_FOGFP-syp-temp_DAPI_GFP_Phal_Puro_60x_005.tiff:0059-0353-1072:60,1.083e-6,401.838,263,731,4.351e-4,3707757,syp RNAi clone,0.6681946777195132
6,20230724_FOGFP-syp-temp_DAPI_GFP_Phal_Puro_60x_005.tiff:0075-0227-1049:76,1.514e-6,396.479,268,630,6.004e-4,5115770,syp RNAi clone,0.6512631016538175
1,20230724_FOGFP-syp-temp_DAPI_GFP_Phal_Puro_60x_005.tiff:0020-1715-0575:20,9.925e-7,386.25,223,705,3.834e-4,3266513,Wildtype,0.617955829623131
2,20230724_FOGFP-syp-temp_DAPI_GFP_Phal_Puro_60x_005.tiff:0032-1578-0975:32,1.089e-6,450.093,282,861,4.903e-4,4177316,Wildtype,0.8246471843440356
3,20230724_FOGFP-syp-temp_DAPI_GFP_Phal_Puro_60x_005.tiff:0032-1545-1142:32,1.105e-6,455.119,280,807,5.03e-4,4286311,Wildtype,0.8409994151914719
4,20230724_FOGFP-syp-temp_DAPI_GFP_Phal_Puro_60x_005.tiff:0016-1418-1139:16,1.108e-6,511.12,313,869,5.663e-4,4825486,Wildtype,1.0216590705146653
5,20230724_FOGFP-syp-temp_DAPI_GFP_Phal_Puro_60x_005.tiff:0020-1377-0899:20,1.064e-6,468.29,288,880,4.981e-4,4244582,Wildtype,0.8828347095993004
6,20230724_FOGFP-syp-temp_DAPI_GFP_Phal_Puro_60x_005.tiff:0024-1224-0490:24,7.721e-7,435.828,286,738,3.365e-4,2867311,Wildtype,0.7782538245514181
7,20230724_FOGFP-syp-temp_DAPI_GFP_Phal_Puro_60x_005.tiff:0032-0972-1056:32,9.804e-7,449.343,287,778,4.406e-4,3753811,Wildtype,0.821967324966754
8,20230724_FOGFP-syp-temp_DAPI_GFP_Phal_Puro_60x_005.tiff:0040-0947-0921:40,1.268e-6,419.767,263,761,5.322e-4,4534321,Wildtype,0.7260084475176487
9,20230724_FOGFP-syp-temp_DAPI_GFP_Phal_Puro_60x_005.tiff:0040-1063-0599:40,8.232e-7,416.71,270,723,3.43e-4,2922805,Wildtype,0.7163620957317813
10,20230724_FOGFP-syp-temp_DAPI_GFP_Phal_Puro_60x_005.tiff:0052-0752-0758:52,1.163e-6,426.819,273,695,4.966e-4,4231058,Wildtype,0.7495688956990876
11,20230724_FOGFP-syp-temp_DAPI_GFP_Phal_Puro_60x_005.tiff:0052-0834-0889:52,1.313e-6,399.92,262,762,5.25e-4,4473106,Wildtype,0.6618141826267285
12,20230724_FOGFP-syp-temp_DAPI_GFP_Phal_Puro_60x_005.tiff:0064-0283-1261:64,1.045e-6,368.984,253,610,3.857e-4,3286537,Wildtype,0.5624866803908405
13,20230724_FOGFP-syp-temp_DAPI_GFP_Phal_Puro_60x_005.tiff:0056-0480-0741:56,9.341e-7,439.135,288,799,4.102e-4,3495078,Wildtype,0.7888784543711956
14,20230724_FOGFP-syp-temp_DAPI_GFP_Phal_Puro_60x_005.tiff:0048-0335-0615:48,7.489e-7,427.927,277,694,3.205e-4,2730599,Wildtype,0.7526390944349003
15,20230724_FOGFP-syp-temp_DAPI_GFP_Phal_Puro_60x_005.tiff:0044-0644-0618:44,1.171e-6,437.213,279,767,5.122e-4,4364256,Wildtype,0.783298728667001
16,20230724_FOGFP-syp-temp_DAPI_GFP_Phal_Puro_60x_005.tiff:0048-0804-0351:48,7.664e-7,358.627,240,597,2.748e-4,2341834,Wildtype,0.5285710372447663
